total,bed,bath,square,lot,price,type,built,garage,address,city,state,zip,elementary school,middle school,high school,Collateral,CoreLogic,Quantarium
"4,200,000",8,,7200,3236,583,Multi-Family Home,1900,3 Cars,176-178 Page St,San Francisco,CA,94102,Not rated,2,6,$1851000 $1802064 $1873233,$2593100 - $2567900,$2404869 $2123874 $2428671
"1,485,000",2,2,1100,22651,"1,350",Condo,2014,1 Car,300 Ivy St Apt 312,San Francisco,CA,94102,Not rated,2,6,$1443000 $1229343 $1277894,,$1393492 $1217410 $1213049
"2,250,000",10,,3108,1707,724,Multi-Family Home,1900,,188-190 Guerrero St,San Francisco,CA,94103,2,2,4,$2160000 $1896314 $2204757,$1838900 $1498600 $1897800,$1869626 $1664132 $1902951
"1,399,000",2,2.5,1930,,725,Condo,2000,1 Car,725 Tehama St Unit 3,San Francisco,CA,94103,Not rated,2,5,$1491000 $1142108 $1327877,,$1415477 $1249816 $1273104
"1,195,000",2,2.5,1537,,777,Condo,1999,2 Cars,786 Minna St Apt 8,San Francisco,CA,94103,Not rated,2,5,$1258000 $1143008 $1328923,,$1220363 $1240076 $1242719
"1,095,000",2,2,1161,,943,Condo,2001,1 Car,590 6th St Apt 211,San Francisco,CA,94103,Not rated,2,5,$1134000 $1038608 $1207542,,$1143357 $1165112 $1176763
"769,000",2,2,796,,966,Condo/Townhome/Row Home/Co-Op,2013,1 Car,537 Natoma St Unit 204,San Francisco,CA,94103,Not rated,2,5,$1046000 $946807 $1100809,,$951350 $1018313 $947081
"1,195,000",3,1,1320,,905,Condo,1907,1 Car,84 Elgin Park,San Francisco,CA,94103,,,,$2102000 $2383217 $2770858,$1286900 $1818700 $1189000,$2042187 $1817727 $2078589
"1,349,000",2,1,1547,,872,Condo,1996,1 Car,245 5th St Ste 311,San Francisco,CA,94103,2,2,5,$1202000 $946807 $1100809,,$1367381 $1223603 $1399202
"779,000",1,1,863,,903,Condo,1995,1 Car,161 Gilbert St Apt 11,San Francisco,CA,94103,Not rated,2,5,$798000 $829806 $964778,$854600 $841300 $899200,$800857 $857064 $837518
"785,000",1,1,795,,987,Condo,2002,1 Car,140 S Van Ness Ave Unit 428,San Francisco,CA,94103,Not rated,2,5,$794000 $754205 $876880,,$868337 $789820 $903167
"6,855,000",3,3.5,2314,,"2,962",Condo,2018,2 Cars,181 Fremont St Unit 61B,San Francisco,CA,94105,2,2,5,$4201000 $4592658 $4720428,,$5913014 $4378351 $5006687
"1,698,000",2,2,1379,,"1,231",Condo,2016,1 Car,338 Main St Unit 4A,San Francisco,CA,94105,2,2,5,$1925000 $2088895 $2147009,,$1806297 $1693925 $1937020
"1,099,000",1,1,795,,"1,382",Condo,2004,1 Car,355 1st St Unit 2404,San Francisco,CA,94105,2,2,5,$1037700 $964900 $1024700,,
"798,000",1,1,572,,"1,395",Condo,1991,1 Car,201 Harrison St Apt 911,San Francisco,CA,94105,2,2,5,$759000 $794383 $816483,,$757295 $687930 $786655
"479,000",1,1,410,,"1,168",Condo,1991,1 Car,201 Harrison St Apt 106,San Francisco,CA,94105,2,2,5,$569000 $602026 $618775,$592200 $522700 $610500,$527431 $476368 $544731
"1,749,000",4,2,2090,2495,837,Multi-Family Home,1962,2 Cars,472-474 Pennsylvania,San Francisco,CA,94107,2,2,5,$1290000 $1121991 $1100584,,$1824801 $1701512 $1731188
"1,499,500",3,3,1448,,"1,036",Condo,1906,,584 Vermont St,San Francisco,CA,94107,Not rated,2,5,$2801300 $1437500 $1428800,,
"1,395,000",3,2.5,1461,,955,Condo,2012,1 Car,1301 Indiana St Unit 104,San Francisco,CA,94107,2,6,6,$1472000 $1464158 $1436223,$1549100 $1235900 $1424800,$1564947 $1333962 $1396050
"1,249,000",2,2.5,1380,,905,Condo,1997,1 Car,1009 Carolina St,San Francisco,CA,94107,2,6,6,$1578000 $1439291 $1411831,$1411500 $1160900 $1345500,$1312348 $1315052 $1201229
"1,149,000",2,2,1161,,990,Condo,2006,1 Car,555 4th St Unit 518,San Francisco,CA,94107,2,2,5,$1274000 $1304016 $1279136,$1399400 $1310800 $1367100,$1209785 $1215053 $1118124
"899,000",1,2,1227,,733,Condo,2007,1 Car,695 5th St Apt 7,San Francisco,CA,94107,2,2,5,$967000 $1014566 $995209,,$994210 $1018843 $1036612
"899,000",1,1.5,989,,909,Condo,1996,1 Car,281 Clara St Unit 8,San Francisco,CA,94107,Not rated,2,5,$1041000 $994673 $975695,$1026700 $929700 $1002100,$917802 $940368 $972735
"735,000",1,1.5,756,,972,Condo,1999,1 Car,701 Pennsylvania Ave Apt 202,San Francisco,CA,94107,2,6,6,$970000 $946928 $928862,,$891997 $932599 $948865
"649,000",2,1.5,690,,941,Condo,1970,,946 Stockton St Apt 10C,San Francisco,CA,94108,8,6,7,$639000 $759247 $782377,$664400 $544800 $739100,$633317 $522498 $597482
"999,000",2,1,1063,,940,Condo,1923,1 Car,850 Powell St Apt 101,San Francisco,CA,94108,8,6,7,$999000 $1192338 $1228663,,$1121511 $870780 $995746
"499,000",2,1,781,2222,608,Condo/Townhome/Row Home/Co-Op,1908,,1143 Leavenworth St,San Francisco,CA,94109,Not rated,6,6,$968000 $1097001 $1203702,$931800 $774100 $899700,$893135 $764067 $783654
"1,599,000",2,2,1164,,"1,374",Condo,2016,1 Car,1688 Pine St Unit W407,San Francisco,CA,94109,Not rated,6,7,$1519000 $1327380 $1456489,,$1597910 $1542024 $1675158
"1,599,000",2,2,1158,,"1,381",Condo,2017,1 Car,1545 Pine St Apt 1205,San Francisco,CA,94109,Not rated,6,6,$1542000 $1237388 $1357744,,$1630337 $1441890 $1566379
"1,295,000",1,1.5,1450,,893,Condo,1962,1 Car,1200 California St Unit 7A,San Francisco,CA,94109,Not rated,6,6,$1230000 $1203677 $1214564,$1324500 $2059000 $1683300,$1284064 $1432994 $1468221
"899,000",2,1,984,,,Condo,1961,1 Car,1050 N Point St Apt 202,San Francisco,CA,94109,8,6,9,$982000 $943370 $951902,$1014600 $1521600 $1354000,$642825 $905833 $928101
"999,000",1,1,671,,"1,489",Condo,2014,1 Car,1788 Clay St Apt 805,San Francisco,CA,94109,8,6,6,$838000 $812626 $891668,,$917341 $855754 $929637
"699,000",1,1,647,,"1,080",Condo,1982,1 Car,900 Bush St Apt 1001,San Francisco,CA,94109,Not rated,6,6,$660000 $625443 $686278,,$695193 $595739 $647174
"1,760,000",6,4,3078,2375,572,Multi-Family Home,1960,5 Cars,3024 22nd St,San Francisco,CA,94110,2,7,5,$2095000 $1364832 $1523354,,$1241523 $1126556 $1221205
"1,695,000",4,2,1870,2500,906,Single Family Home,1910,,1420 Alabama St,San Francisco,CA,94110,Not rated,4,2,$1589000 $1217036 $1358392,$1643900 $1286600 $1623900,$1596465 $1394619 $1511789
"1,995,000",2,1.5,2620,2917,761,Single Family Home,1900,,977 Valencia St,San Francisco,CA,94110,2,4,4,$2447000 $2459734 $2491743,$3142200 - $3558900,$2037342 $2342971 $2284584
"2,195,000",4,3.5,2178,,"1,008",Single Family Home,1908,,301 Nevada St,San Francisco,CA,94110,2,2,2,$1804000 $1569192 $1751450,$2175200 $1776500 $2232500,$2074668 $1942903 $2140403
"1,449,000",3,1.5,1656,,875,Single Family Home,1960,,1063 Powhattan Ave,San Francisco,CA,94110,2,2,2,$1703000 $1467925 $1638420,$1795400 $1240000 $1720100,$1099479 $1153356 $1250256
"995,000",2,1.5,1141,,"1,104",Condo,1954,1 Car,22 Day St Unit 22A,San Francisco,CA,94110,Not rated,3,2,$2358000 $1570104 $1752468,,$2655033 $2460796 $2667542
"1,600,000",3,1,1418,,"1,128",Condo,1909,2 Cars,655 Guerrero St,San Francisco,CA,94110,2,4,4,$1665000 $1570104 $1752468,$1684600 $1443200 $1664200,$1550873 $1415614 $1681904
"999,000",2,1,1060,,942,Condo,1967,1 Car,292 Precita Ave,San Francisco,CA,94110,Not rated,2,2,$1799000 $1521317 $1521317,$1670500 $2061400 $2061400,$2288623 $2311581 $2311581
"895,000",2,1,996,,,Single Family Home,1987,,7 Eugenia Ave,San Francisco,CA,94110,Not rated,7,4,$933000 $937866 $1046797,$1140600 $795600 $1023800,$913995 $867865 $940780
"1,669,000",2,2,1719,,971,Condo,1983,1 Car,101 Lombard St Apt 712W,San Francisco,CA,94111,8,6,8,$1586000 $1865674 $1624488,$1798400 $1368000 $1618300,$2013650 $1511646 $1743147
"1,080,000",2,1,1280,2487,844,Single Family Home,1927,,78 Rudden Ave,San Francisco,CA,94112,6,7,5,$1366000 $1078128 $1452046,$1390200 $978700 $1312500,$1102255 $1011360 $1147246
"1,299,000",2,1,1350,3358,962,Single Family Home,1914,,120 Capistrano Ave,San Francisco,CA,94112,6,7,5,$1305000 $1107348 $1491399,$1600100 $1163400 $1537600,$1524461 $1220265 $1495100
"2,749,000",5,5,3891,5749,707,Single Family Home,1922,,255 Ashton Ave,San Francisco,CA,94112,4,8,6,$2750000 $2481687 $2774931,$2892000- $2857600,$2128555 $2722541 $2938363
"2,300,000",3,2.5,1635,1918,"1,407",Single Family Home,1914,,4201 22nd St,San Francisco,CA,94114,9,2,7,$2328000 $1986238 $2323364,$2600700 $2111000 $2511200,$2283734 $2189769 $2380766
"2,375,000",5,2,3590,2748,662,Multi-Family Home,1908,,4414-4416 20th St,San Francisco,CA,94114,2,4,4,$2703000 $2914066 $3408672,$2769400 $2226400 $2593600,$2841687 $2615645 $2843788
"5,400,000",4,3.5,3600,2848,"1,500",Single Family Home,1900,,481 Jersey St,San Francisco,CA,94114,9,7,2,$5320000 $5024415 $5346149,$5638400 $4741700 $4897900,$5294177 $4444509 $4654211
"2,995,000",4,2.5,2892,2850,"1,036",Single Family Home,1905,,3860 21st St,San Francisco,CA,94114,2,4,4,$3573000 $3172655 $3711152,$3615800 $2696400 $3671900,$3477637 $2978048 $3237800
"995,000",2,1,930,,"1,070",Condo,1900,1 Car,730 Castro St,San Francisco,CA,94114,2,4,4,$1279000 $1136589 $1329503,$1290000 $1053100 $1306900,$1195687 $973749 $1133102
"849,000",2,1,800,,,Condo,1913,,1200 Castro St Apt 2,San Francisco,CA,94114,2,7,2,$947000 $900336 $1053151,,$1034553 $957022 $1002625
"4,695,000",3,2.5,2112,,"2,223",Condo,2016,1 Car,2121 Webster St Apt 301,San Francisco,CA,94115,6,6,7,$4555000 $4409769 $5033980,,$4452014 $4606382 $4609863
"1,599,000",3,2,1500,,"1,066",Condo,1908,1 Car,1951 Golden Gate Ave,San Francisco,CA,94115,8,9,Not rated,$1529000 $1544338 $1762942,$1524000 $1127000 $1504500,$1545797 $1207225 $1397907
"1,449,000",3,2,1456,,995,Condo,1890,1 Car,1922 Laguna St,San Francisco,CA,94115,6,6,7,$1631000 $1529639 $1746162,$1443200 $1350700 $1340100,$1432215 $1496956 $1488406
"1,699,000",2,2,1578,,"1,077",Condo,1902,1 Car,1919 Broderick St,San Francisco,CA,94115,6,9,Not rated,$1876000 $1796981 $2051347,$1619500 $1527200 $1485300,$1673712 $1786597 $1539978
"2,600,000",2,2,1440,,"1,806",Condo,2016,1 Car,2121 Webster St Apt 304,San Francisco,CA,94115,6,6,7,$2832000 $2574203 $2938586,,$2595263 $2993170 $2995432
"1,095,000",2,2,1243,,881,Condo,1983,1 Car,1903 Eddy St Apt 1,San Francisco,CA,94115,6,9,Not rated,$1469000 $1291695 $1474537,$1290800 $1051900 $1356800,$1263539 $1180468 $1181360
"1,198,000",2,2,1063,,"1,127",Condo,1984,1 Car,2040 Sutter St Apt 402,San Francisco,CA,94115,6,6,7,$1139000 $1166752 $1331907,$1242100 $1040000 $1171200,$1223427 $1058001 $1150187
"1,595,000",2,1,1515,,"1,053",Condo,1910,1 Car,2266 Pacific Ave Apt 4,San Francisco,CA,94115,6,6,7,$1811000 $1686737 $1925497,$1772500 $1673600 $1773300,$1628853 $1916936 $1581237
"649,500",1,1,613,,"1,060",Condo,1929,,2999 California St Unit 503,San Francisco,CA,94115,6,9,Not rated,$797000 $698213 $797047,$808300 $663600 $773900,$724370 $603653 $741625
"1,288,000",3,2,1399,2996,921,Single Family Home,1954,,2739 39th Ave,San Francisco,CA,94116,10,7,9,$1313000 $1010961 $1318237,$1371800 $1046000 $1380000,$1399948 $1107251 $1368134
"1,350,000",2,1,1573,2996,858,Single Family Home,1947,,2119 41st Ave,San Francisco,CA,94116,7,9,9,$1286000 $1047343 $1365678,$1425400 $920600 $1323800,$1511862 $1387292 $1639104
"1,195,000",2,1,1375,2996,869,Single Family Home,1927,,2146 21st Ave,San Francisco,CA,94116,7,6,8,$1323000 $968386 $1262722,$1657200 $1083200 $1631200,$1456103 $1472756 $1740080
"995,000",2,1,1011,3000,984,Single Family Home,1948,,2667 39th Ave,San Francisco,CA,94116,10,7,9,$1288000 $872399 $1137560,$1224500 $1018400 $1244300,$1197634 $986070 $1245873
"699,000",3,2,1400,,543,Single Family Home,1937,1 Car,2122 26th Ave,San Francisco,CA,94116,7,6,8,$1508000 $1150297 $1499924,$1543500 $1201800 $1586500,$1527715 $1105117 $1447617
"5,250,000",3,3,3205,2439,"1,638",Single Family Home,1916,,170 Upper Ter,San Francisco,CA,94117,2,4,8,$3749000 $3035274 $3548265,$4013700 $3700000 $3938800,$3709840 $2738731 $3131766
"3,875,000",3,4,3242,2874,"1,195",Single Family Home,1905,,55 Buena Vista Ter,San Francisco,CA,94117,2,4,8,$4080000 $2994367 $3500445,$4316500 $3191600 $4266900,$3682366 $3419592 $2835199
"1,695,000",3,2,1620,,"1,046",Condo,1997,1 Car,708 Haight St,San Francisco,CA,94117,2,4,8,$1512000 $1289378 $1507295,$1970800 $1389200 $1963900,$1764190 $1480093 $1692501
"949,000",2,2,741,,"1,281",Condo,1908,1 Car,1371 Grove St,San Francisco,CA,94117,2,9,Not rated,$920000 $797680 $932496,$980900 $808300 $1084200,$969141 $821812 $854327
"998,000",2,1,774,,"1,289",Condo,1900,,969 Hayes St Apt 3,San Francisco,CA,94117,2,2,6,$1047000 $1053755 $1231851,,$1019181 $866151 $990452
"8,495,000",4,3.5,4609,2548,"1,843",Single Family Home,1906,,3878 Jackson St,San Francisco,CA,94118,8,8,9,$6958000 $6762972 $7771426,$7920400 $6567900 $9206200,$7812333 $7332237 $8211562
"6,400,000",5,4.5,4410,4447,"1,451",Single Family Home,1923,,101 Commonwealth Ave,San Francisco,CA,94118,8,9,9,$6080000 $6042268 $6943255,$6949200 $4173400 $5494400,$6272653 $2961361 $3316505
"6,400,000",5,4.5,4410,4447,"1,451",Single Family Home,1923,,101 Commonwealth Ave,San Francisco,CA,94118,8,9,9,$6080000 $6017188 $6939137,$6949200 $4104300 $5193300,$6272653 $2935521 $3265659
"2,295,000",4,3,2355,,975,Condo,1948,2 Cars,66 Collins St,San Francisco,CA,94118,8,9,9,$2446000 $2120254 $2436413,$2471500 $2388800 $2729100,$2474855 $2751772 $2375899
"1,975,000",3,1.5,1770,,"1,116",Condo,1907,1 Car,1042 Lake St,San Francisco,CA,94118,1,9,8,$1930000 $1558796 $1791234,$2065000 $1553700 $2162400,$1974533 $1612744 $1942482
"1,259,000",3,1.5,1720,2063,732,Single Family Home,1914,,587 24th Ave,San Francisco,CA,94121,1,8,8,$1531000 $1554561 $1554561,$1505900 $1466000 $1466000,$1553118 $1547566 $1547566
"1,920,000",6,4,3559,3118,,Multi-Family Home,1977,2 Cars,172-174 18th Ave,San Francisco,CA,94121,1,8,8,$2185000 $1806249 $2151759,$2131700 $2037100 $2163200,
"1,499,000",5,2,2379,,630,Condo,1994,1 Car,879 39th Ave,San Francisco,CA,94121,7,8,9,$2861942 $2689868 $2830489,$2534200 $2101100 $1626500,
"995,000",2,1,1016,,979,Condo,1920,1 Car,6014 California St,San Francisco,CA,94121,1,8,8,$1334000 $1110279 $1322660,$1229200 $970400 $1316600,$1181053 $987580 $1140306
"2,395,000",3,2,2445,2375,980,Single Family Home,1923,,1501 6th Ave,San Francisco,CA,94122,4,8,8,$2518000 $1932573 $2358132,$2616700 $2308700 $2532500,$2553242 $1941523 $2259089
"1,095,000",3,2,1305,2996,839,Single Family Home,1959,,1347 47th Ave,San Francisco,CA,94122,7,9,9,$1440000 $1166821 $1423760,$1238200 $962800 $1349500,$1166068 $1009653 $1174797
"2,395,000",8,5,1873,,,Multi-Family Home,1955,1 Car,3844-3846 Irving St,San Francisco,CA,94122,7,9,9,$1484459 $1336134 $1554680,$1647900 $971000 $1592600,
"1,688,000",3,2,2996,,,Single Family Home,1929,,1450 39th Ave,San Francisco,CA,94122,7,9,9,$1413000 $1108283 $1352330,$1744400 $1026000 $1730000,$1561359 $1037101 $1528290
"1,375,000",2,2,1436,,958,Condo,1932,1 Car,927 Judah St,San Francisco,CA,94122,4,9,9,$1227000 $999907 $1220090,,
"3,250,000",4,3.5,2510,2500,"1,295",Single Family Home,1926,,2070 Beach St,San Francisco,CA,94123,8,9,Not rated,$2940000 $4249115 $3600000,$3881000 $3305300 $3834000,$3668426 $3219905 $3681993
"2,595,000",3,3,2021,,"1,284",Condo,2019,1 Car,2920 Franklin St,San Francisco,CA,94123,8,6,7,$2518000 $3065694 $2597364,$6455900 $1871600 $2188000,
"1,575,000",2,2,1520,,"1,036",Condo,1906,1 Car,3039 Octavia St,San Francisco,CA,94123,8,6,7,$1764000 $2307184 $1954728,,$1568715 $1547069 $1769089
"1,499,000",3,1.5,1278,,"1,173",Condo,1906,,2914 Fillmore St,San Francisco,CA,94123,8,7,6,$1589000 $2084380 $1765960,$1611400 $1561200 $1524700,$1563487 $1401547 $1602683
"875,000",1,1,768,,"1,139",Condo,1928,,3824 Scott St Apt 6,San Francisco,CA,94123,8,7,6,$1252000 $1338045 $1133639,,$1002536 $952012 $953720
"998,000",3,2,1449,2421,689,Single Family Home,1944,,45 Venus St,San Francisco,CA,94124,2,2,1,$1207000 $912356 $1240355,$1148100 $711100 $1038300,$1143938 $831651 $1033340
"798,000",6,2,1755,5000,,Single Family Home,1914,,1063 Ingerson Ave,San Francisco,CA,94124,5,2,3,$1202000 $839274 $1140998,$1113600 $849400 $1200700,$1220143 $998201 $1240282
"679,000",3,2,1567,,433,Condo,1995,1 Car,1 Jennings Ct,San Francisco,CA,94124,5,2,3,$902000 $674248 $916645,$973900 $654200 $978800,$843991 $780512 $947432
"849,000",2,2,1115,,761,Condo,2018,1 Car,52 Innes Ct Apt 306,San Francisco,CA,94124,7,2,4,$758000 $596450 $810878,,$1004622 $704678 $875574
"1,095,000",2,1,1529,2295,716,Single Family Home,1947,,122 Del Vale Ave,San Francisco,CA,94127,9,4,8,$1400000 $1190026 $1383819,$1430200 $1055300 $1426500,$1351203 $1079044 $1372293
"1,198,000",2,1,1200,2495,998,Single Family Home,1937,,978 Teresita Blvd,San Francisco,CA,94127,9,4,7,$1310000 $1126303 $1309718,$1397200 $976900 $1358100,$1221920 $747834 $860524
"998,000",3,2,1571,2500,635,Single Family Home,1908,,546 Monterey Blvd,San Francisco,CA,94127,4,4,7,$1358000 $1061784 $1234692,$1502300 - $1312800,$1344297 $1158651 $1333245
"1,549,000",5,3,2665,2922,581,Single Family Home,1959,,401 Molimo Dr,San Francisco,CA,94127,6,4,8,$2134000 $1706979 $1984955,$1899500 $1461800 $1883900,$1579929 $1435213 $1651481
"1,998,000",3,3,1892,3053,"1,056",Single Family Home,1932,,256 Fowler Ave,San Francisco,CA,94127,6,4,8,$1898000 $1511827 $1758024,$2013600 $1489900 $2021700,$2037895 $1572101 $1919238
"1,799,000",2,2.5,1633,2500,"1,102",Single Family Home,1913,,535 Laidley St,San Francisco,CA,94131,6,2,3,$1710000 $1568730 $1823489,$2202300 $1747300 $2245900,$2083339 $1871221 $2108886
"1,759,000",3,2.5,2048,,859,Condo,1900,1 Car,212 Day St Unit 212,San Francisco,CA,94131,Not rated,3,2,$2449000 $2421942 $2421942,$1765700 $1650800 $1650800,$1897967 $1542127 $1542127
"2,295,000",2,1,3446,,,Single Family Home,1926,2 Cars,4363 S 26th St,San Francisco,CA,94131,9,7,2,$1936000 $1603776 $1864226,$2197000 -  $2137500,$1964688 $1962982 $2212302
"1,195,000",2,1,1145,3293,"1,044",Single Family Home,1949,,72 Springfield Dr,San Francisco,CA,94132,10,4,4,$1383000 $1039008 $1266110,$1537000 $1144600 $1489500,$1355018 $1194653 $1468532
"1,648,000",6,2,3395,1703,485,Multi-Family Home,1910,,1307-1311 Mason St,San Francisco,CA,94133,8,6,7,$2156000 $2206183 $2385017,$1907200 $1767000 $2034800,
"1,225,000",2,2.5,1213,,"1,010",Condo,1914,,71 Castle St,San Francisco,CA,94133,8,6,9,$1566000 $1398647 $1512023,$1565300 $1085300 $1483700,$1394308 $1140995 $1268857
"1,149,000",2,2,1405,,818,Condo,1995,1 Car,600 Chestnut St Apt 203,San Francisco,CA,94133,8,8,6,$1457000 $1414855 $1529544,,$1501976 $1309789 $1497756
"1,250,000",2,2,980,,"1,276",Condo,1977,1 Car,373 Lombard St Apt 402,San Francisco,CA,94133,8,6,8,$1224000 $1188898 $1285271,,$1300578 $1125912 $1287492
"1,095,000",2,2,924,,,Condo,1987,1 Car,66 Bernard St Apt 1,San Francisco,CA,94133,8,6,9,$1069000 $1312841 $1419260,,$1017693 $1102743 $903985
"1,250,000",1,1,839,,,Condo,2018,1 Car,1731 Powell St Unit 302,San Francisco,CA,94133,,,,$1894000 $1204152 $1301762,,
"884,000",3,1,1054,1750,,Single Family Home,1958,,937 Somerset St,San Francisco,CA,94134,5,6,3,$993000 $667605 $897013,$1031400 $713100 $1022400,$1019884 $778722 $1037890
"998,000",3,2,1362,2495,733,Single Family Home,1948,,39 Tucker Ave,San Francisco,CA,94134,5,2,2,$1034000 $797289 $1071261,$1013600 $699800 $985100,$1018761 $728374 $1120489
"1,878,000",6,5,5084,4857,369,Single Family Home,2003,2 Cars,3733 San Bruno Ave,San Francisco,CA,94134,5,2,2,$1552000 $807345 $968156,$987000 - $1457800,$1748858 $1507155 $1683485
"599,000",1,1,804,,745,Condo,2007,1 Car,301 Crescent Ct Apt 3301,San Francisco,CA,94134,5,2,3,$594000 $498785 $670182,$638400 $525000 $669500,$627169 $510685 $593660
"898,000",2,1.5,1152,26,780,Townhome,1965,1 Car,938 Peninsula Ave,San Mateo,CA,94401,4,4,7,$864000 $669202 $891476,$983700 $736500 $970100,$862417 $751744 $887810
"1,369,000",2,2.5,1580,1420,866,Townhome,1999,2 Cars,316 S Humboldt St,San Mateo,CA,94401,6,7,3,$1347000 $919709 $1225188,$1549300 $876200 $1443100,$1454612 $1206672 $1494429
"1,599,000",2,2,1732,4018,923,Single Family Home,1941,2 Cars,59 Tilton Ter,San Mateo,CA,94401,6,3,7,$1311000 $983577 $1310271,$1321700 $1091400 $1253600,$1593583 $1233291 $1527395
"1,128,888",3,1,1030,4050,"1,096",Single Family Home,1946,1 Car,127 S Idaho St,San Mateo,CA,94401,4,5,7,$994000 $691910 $921727,$1176800 $767900 $1169100,$1113024 $913986 $1131946
"849,000",2,1,990,4060,990,Single Family Home,1945,1 Car,1010 E Santa Inez Ave,San Mateo,CA,94401,6,6,7,$1021000 $708232 $943471,$1153000 $665100 $1150500,$1071371 $982798 $1217167
"1,650,000",3,2,1820,4560,907,Single Family Home,1912,,418 Highland Ave,San Mateo,CA,94401,6,7,3,$1260000 $995641 $1326342,$1695600 $1265000 $1594400,$1281084 $1075847 $1332405
"1,988,000",4,3,2500,4725,795,Single Family Home,1941,1 Car,1011 Tilton Ave,San Mateo,CA,94401,4,5,7,$1443000 $811841 $1081493,$1956400 $917600 $1339800,$2027471 $957762 $1318856
"1,348,000",3,3,1320,5000,"1,021",Single Family Home,1949,1 Car,741 Fallon Ave,San Mateo,CA,94401,7,9,2,$1189000 $820357 $1092838,$1216600 $754100 $1231800,$1129317 $838053 $1060556
"1,324,777",4,2,1660,5000,798,Single Family Home,1950,2 Cars,1716 Newbridge Ave,San Mateo,CA,94401,5,9,2,$1362000 $907644 $1209117,$1368400 $801300 $1310000,$1331850 $972773 $1204751
"1,288,000",4,2,1370,5000,940,Single Family Home,1947,1 Car,100 S Quebec St,San Mateo,CA,94401,7,7,2,$1353000 $958739 $1277183,,$1469354 $1091572 $1351880
"1,170,000",3,2,1080,5000,"1,083",Single Family Home,1955,2 Cars,1748 Royal Ave,San Mateo,CA,94401,5,9,2,$1299000 $850872 $1133488,$1280400 $863000 $1285600,$1149575 $906351 $1185271
"950,000",2,2,1050,5000,905,Single Family Home,1947,1 Car,105 N Quebec St,San Mateo,CA,94401,7,7,2,$1046000 $742296 $988848,$1101500 $762600 $1050100,$968966 $746273 $963946
"1,400,000",3,2,1370,5100,"1,022",Single Family Home,1951,2 Cars,1115 E Poplar Ave,San Mateo,CA,94401,4,4,7,$1459000 $1200021 $1598606,$1242000 $856600 $1205400,$1137105 $1002069 $1241034
"1,149,000",2,1,1040,5100,"1,105",Single Family Home,1948,1 Car,1411 Mefferd Ave,San Mateo,CA,94401,7,2,7,$995000 $1117893 $1078657,$1148600 $1017000 $1000700,$1061232 $1076297 $979690
"989,000",2,2,1270,5200,779,Single Family Home,1947,1 Car,211 S Norfolk St,San Mateo,CA,94401,7,7,2,$1031000 $703974 $937798,$1161500 $714500 $1141300,$982264 $859588 $1047401
"1,350,000",4,2,1800,5250,750,Single Family Home,1947,1 Car,1310 Monte Diablo Ave,San Mateo,CA,94401,7,2,7,$1275000 $975061 $1298926,$1417200 $966000 $1469000,$1427814 $901203 $1252406
"1,218,000",3,2,1240,5250,982,Single Family Home,1954,2 Cars,1625 S Norfolk St,San Mateo,CA,94401,5,9,4,$1132000 $812551 $1082439,$1271300 $881800 $1247400,$1236701 $915484 $1133801
"1,300,000",3,2,1601,5500,812,Single Family Home,1954,2 Cars,1524 Lodi Ave,San Mateo,CA,94401,5,9,4,$1144000 $771391 $1027608,$1288800 $850200 $1229900,$1189076 $1010387 $1177971
"2,698,000",7,4,2839,5850,,Single Family Home,1925,3 Cars,406 Villa Ter,San Mateo,CA,94401,6,3,7,$1640000 $1180860 $1573081,$2646000 $1062800 $1477900,$2746523 $1297263 $1606623
"1,250,000",3,2,1460,5850,856,Single Family Home,1910,,410 Cypress Ave,San Mateo,CA,94401,4,4,7,$1237000 $911193 $1213844,$1263600 $866000 $1124500,$1389988 $959861 $1188761
"1,495,000",3,2,1610,6750,929,Single Family Home,1947,2 Cars,1624 Monte Diablo Ave,San Mateo,CA,94401,7,2,7,$1285000 $940288 $1252604,$1492300 $936000 $1288000,$1288184 $866802 $1280057
"1,650,000",2,1.5,1430,6950,"1,154",Single Family Home,1924,1 Car,726 Prospect Row,San Mateo,CA,94401,6,7,3,$1913000 $1162409 $1548502,$1642100 $1094300 $1685600,$1398264 $1150884 $1425337
"1,598,000",4,3,2528,7903,632,Townhome,2007,1 Car,528 N Claremont St,San Mateo,CA,94401,6,3,7,$1159000 $1955353 $1999439,$1754000 - $2821000,$1723827 $2385090 $2285911
"1,249,000",2,2,1530,18730,816,Condo,2003,1 Car,318 S Grant St Unit 1C,San Mateo,CA,94401,6,7,3,$1350000 $898419 $1196827,,$1070812 $672420 $832773
"1,350,000",2,2,1731,,780,Condo,1983,2 Cars,10 9th Ave Apt 301,San Mateo,CA,94401,9,6,3,$1334000 $940998 $1253549,,$1328651 $1080884 $981978
"1,198,000",2,1,970,4000,"1,235",Single Family Home,1940,1 Car,842 W Grant Pl,San Mateo,CA,94402,9,6,3,$1134000 $884428 $1082861,$1320400 $984300 $1413500,$1376590 $1264501 $1399984
"1,898,000",3,1.5,1690,5000,"1,123",Single Family Home,1934,2 Cars,1724 Palm Ave,San Mateo,CA,94402,9,3,6,$1848000 $1314404 $1609307,$1791400 $1250300 $1728700,$1607198 $1325432 $1643498
"1,642,000",3,2,1200,5035,"1,368",Single Family Home,1955,2 Cars,1730 Eleanor Dr,San Mateo,CA,94402,9,6,3,$1508000 $1188756 $1455468,$1647000 $1000900 $1571500,$1647856 $1021579 $1494772
"1,380,000",3,2,1210,5280,"1,140",Single Family Home,1940,1 Car,850 W Grant Pl,San Mateo,CA,94402,9,6,3,$1001000 $805287 $985962,$1143900 $1077700 $1405200,$1451823 $1067861 $1359466
"1,650,000",2,2.5,1400,5850,"1,179",Single Family Home,1926,2 Cars,1302 S B St,San Mateo,CA,94402,9,6,3,$1540000 $1259739 $1542377,$1670400 $1229900 $1662200,$1652385 $1373411 $1810486
"1,749,000",4,,2808,5850,623,Multi-Family Home,1951,2 Cars,163 171 16th Ave,San Mateo,CA,94402,9,6,3,$1654000 $1602414 $1961936,$1932700 $1229500 $1974600,$1879183 $1640349 $1816102
"2,150,000",5,2.5,2970,6148,724,Single Family Home,1925,2 Cars,769 Crescent Ave,San Mateo,CA,94402,6,7,3,$3013000 $2433810 $2979864,$2987900 $2104000 $3136600,$2067944 $2471283 $2736066
"1,690,000",3,2,1440,6440,"1,174",Single Family Home,1952,2 Cars,617 Hobart Ave,San Mateo,CA,94402,6,6,9,$1955000 $1491453 $1826078,$1794300 $1411700 $1866200,$1714987 $1432185 $1493229
"2,048,000",3,2,2020,6500,"1,014",Single Family Home,1949,2 Cars,802 Barneson Ave,San Mateo,CA,94402,6,6,9,$2190000 $1548565 $1896005,$2395100 $1774400 $2391000,$2244687 $1873250 $2097058
"2,298,000",4,2.5,2620,6750,877,Single Family Home,1963,2 Cars,47 Treetop Ln,San Mateo,CA,94402,6,9,6,$2457000 $2039733 $2497372,$2456500 $2402300 $2843200,$2436979 $2430959 $2516900
"1,980,000",4,2,2030,8066,975,Single Family Home,1956,2 Cars,1752 Lexington Ave,San Mateo,CA,94402,6,9,5,$1974000 $1643209 $2011883,$2100700 $1640600 $2096000,$1901913 $1663721 $1841978
"2,500,000",4,2,1730,8568,"1,445",Single Family Home,1956,2 Cars,1591 Lexington Ave,San Mateo,CA,94402,6,9,5,$1866000 $1528168 $1871031,$2455400 $1628400 $2005500,$2523996 $1643163 $1884582
"2,448,000",4,3.5,2360,8775,"1,037",Single Family Home,1971,3 Cars,1709 Los Altos Dr,San Mateo,CA,94402,6,9,5,$2104000 $1694610 $2074817,$2461400 $1868200 $2355700,$2498964 $1786313 $1977705
"1,998,000",3,2,2200,8900,908,Single Family Home,1953,2 Cars,1351 Bel Aire Rd,San Mateo,CA,94402,6,9,5,$2045000 $1630155 $1995900,$2120400 $1714200 $2350100,$2039596 $1835210 $1945663
"3,995,000",4,4.5,2640,9300,"1,513",Single Family Home,1947,2 Cars,237 W Poplar Ave,San Mateo,CA,94402,6,7,3,$2576000 $1861053 $2278602,$3960300 $2255000 $3051600,$4078172 $2695094 $2983856
"4,095,000",3,3.5,3243,10454,"1,263",Single Family Home,1924,2 Cars,420 Dorchester Rd,San Mateo,CA,94402,6,7,3,$3402000 $2780564 $3404418,$3928900 $2856400 $3921900,$3878601 $3461292 $3727504
"2,498,000",4,3,2370,10454,"1,054",Single Family Home,1973,2 Cars,669 Barneson Ave,San Mateo,CA,94402,6,6,9,$2488000 $1648104 $2017877,$2589700 $2174200 $2676700,$2543465 $2431394 $2679376
"2,575,000",4,2,2170,10454,"1,187",Single Family Home,1927,2 Cars,750 Edgewood Rd,San Mateo,CA,94402,6,7,3,$2822000 $2564353 $3139696,$2616200 $2340700 $3107300,$2628608 $2755927 $3051207
"2,999,999",4,3,2640,14374,"1,136",Single Family Home,1979,2 Cars,1439 Rainbow Dr,San Mateo,CA,94402,6,9,5,$2062000 $1644025 $2012882,$2564700 $1822700 $2640400,$2491643 $1818741 $2013608
"1,895,000",4,2,1480,20037,"1,280",Single Family Home,1956,1 Car,2159 Queens Ln,San Mateo,CA,94402,6,9,5,$1744000 $1362542 $1668245,$2102800 $1557700 $2064100,$1615597 $1614080 $1554329
"1,300,000",2,2,1110,4016,"1,171",Single Family Home,1953,1 Car,109 Otay Ave,San Mateo,CA,94403,8,4,7,$1474000 $1129665 $1443574,$1420200 $1022900 $1477000,$1336225 $1085031 $1224671
"1,430,000",3,2,1237,4960,"1,156",Single Family Home,1951,1 Car,252 E 40th Ave,San Mateo,CA,94403,8,9,8,$1369000 $949075 $1212802,$1434100 $941800 $1436000,$1449219 $968033 $1163313
"1,488,000",3,4,1480,5000,"1,005",Single Family Home,1948,,461 26th Ave,San Mateo,CA,94403,4,8,5,$1334000 $1022562 $1306709,$1449000 $1245100 $1671100,$1518933 $1374429 $1430274
"1,698,000",3,2.5,1740,5000,976,Single Family Home,1948,1 Car,3517 Casanova Dr,San Mateo,CA,94403,8,4,7,$1673000 $1301656 $1663357,$1894100 $1164800 $1925700,$1739869 $1566164 $1770397
"1,750,000",4,2,2250,5000,778,Single Family Home,1950,1 Car,3956 Casanova Dr,San Mateo,CA,94403,8,4,7,$1844000 $1316509 $1682338,$1771200 $1293700 $1865000,$1795751 $1391997 $1725945
"1,598,000",3,2,1540,5000,"1,038",Single Family Home,1950,1 Car,3960 Branson Dr,San Mateo,CA,94403,8,4,7,$1685000 $1257876 $1607412,$1721500 $1019100 $1730700,$1662053 $1136007 $1541191
"1,198,000",2,1,890,5000,"1,346",Single Family Home,1940,1 Car,2711 Garfield St,San Mateo,CA,94403,4,8,5,$1107000 $1046797 $1337678,$1276500 $931700 $1314800,$1260674 $1036075 $1095700
"1,958,000",4,2.5,1810,5050,"1,082",Single Family Home,1936,1 Car,258 Delmar Way,San Mateo,CA,94403,4,8,5,$2067000 $1473646 $1883140,$1899800 $1500100 $1976200,$1791500 $1609787 $1915804
"2,485,000",3,3,2290,5060,"1,085",Single Family Home,1956,2 Cars,215 41st Ave,San Mateo,CA,94403,8,4,4,$1787000 $1430649 $1828194,$2430200 $1672900 $1913000,$1946578 $1677358 $2011336
"1,658,000",3,2,1460,5200,"1,136",Single Family Home,1945,2 Cars,3028 Lansdale St,San Mateo,CA,94403,5,4,8,$1595000 $1313382 $1678342,$1669700 $1192800 $1665200,$1692468 $1393871 $1408971
"1,118,000",3,2,1060,5200,"1,055",Single Family Home,1956,2 Cars,2359 S Norfolk St,San Mateo,CA,94403,5,8,4,$1145000 $855262 $1092920,$1128800 $841700 $1164900,$1141241 $876710 $1114351
"1,499,888",3,2,1428,5270,"1,050",Single Family Home,1946,1 Car,159 W 38th Ave,San Mateo,CA,94403,8,4,4,$1621000 $1237550 $1581438,$1722900 $1024800 $1674000,$1693869 $1106839 $1655039
"1,549,000",3,1,1210,5550,"1,280",Single Family Home,1942,1 Car,507 Sylvan Ave,San Mateo,CA,94403,5,4,8,$1659000 $1301656 $1663357,$1693800 $1127400 $1688800,$1580338 $1265683 $1430984
"1,695,000",4,2,1860,5720,978,Single Family Home,1941,2 Cars,140 31st Ave,San Mateo,CA,94403,8,4,4,$2097000 $1710524 $2185840,$1977300 $1699800 $1874400,$1978289 $1562961 $1766777
"1,475,000",3,2,2030,6000,727,Single Family Home,1952,2 Cars,500 Madera Dr,San Mateo,CA,94403,4,9,5,$1778000 $1456447 $1861161,$1702500 $1457600 $1806500,$1596410 $1515583 $1608311
"1,995,000",4,3.5,2480,6324,804,Single Family Home,1922,1 Car,750 28th Ave,San Mateo,CA,94403,4,8,5,$2355000 $1902841 $2431598,$2027800 $1668000 $2251400,$2036473 $1923016 $2042775
"2,250,000",3,2.5,1990,6496,"1,131",Single Family Home,1972,2 Cars,717 29th Ave,San Mateo,CA,94403,4,5,8,$1697000 $1432994 $1831191,$1968700 $1435800 $2041200,$1778345 $1673194 $1599501
"1,599,000",3,2,1789,6500,894,Single Family Home,1960,2 Cars,1920 Playa St,San Mateo,CA,94403,1,8,4,$1417000 $1108557 $1416600,$1616800 $1063200 $1348700,$1632242 $1233076 $1393874
"1,374,000",2,,1801,6535,763,Multi-Family Home,1939,1 Car,120 23rd Ave,San Mateo,CA,94403,9,4,5,$1839000 $1404068 $1794227,$1862100 $1319700 $1904600,$1721229 $1761474 $1991176
"1,390,000",3,1.5,1120,6600,"1,241",Single Family Home,1945,1 Car,81 41st Ave,San Mateo,CA,94403,8,4,4,$1352000 $1311389 $1272743,$1354800 $1212500 $1302500,$1258305 $1299327 $1169612
"1,498,000",3,1.5,1300,6612,"1,152",Single Family Home,1951,2 Cars,235 W 39th Ave,San Mateo,CA,94403,8,4,4,$1388000 $1128102 $1441576,$1572500 $1181200 $1550200,$1439467 $1239004 $1383569
"1,050,000",4,3,1540,6762,682,Single Family Home,1954,2 Cars,1783 Adams St,San Mateo,CA,94403,5,9,4,$1385000 $1099958 $1405611,$1283800 $908400 $1432300,$1428769 $1079459 $1482139
"1,588,000",3,2,1520,6900,"1,045",Single Family Home,1948,2 Cars,402 Stephen Rd,San Mateo,CA,94403,8,4,4,$1830000 $1331363 $1701319,$1616900 $1321400 $1655600,$1726901 $1358431 $1380718
"1,749,000",4,2,1900,7021,921,Single Family Home,1952,2 Cars,3916 Fernwood St,San Mateo,CA,94403,8,4,4,$1962000 $1568241 $2004020,$1761400 $1344900 $1607000,$1785360 $1406499 $1589911
"1,450,000",2,2,1700,7448,853,Single Family Home,1984,2 Cars,1652 Toyon Ct,San Mateo,CA,94403,8,9,9,$1520000 $1149210 $1468549,$1495100 $1256500 $1634800,$1522717 $1315042 $1486528
"1,930,000",3,3,1930,7749,"1,000",Single Family Home,1950,2 Cars,131 28th Ave,San Mateo,CA,94403,4,8,5,$1848000 $1557296 $1990034,$1951500 $1443200 $1956000,$1907656 $1559047 $1762352
"1,500,000",2,2.5,1560,8247,962,Townhome,2016,2 Cars,419 Neves Rd,San Mateo,CA,94403,8,4,7,$1490000 $1184389 $1513505,,$1588131 $1343343 $1518519
"1,798,000",4,2,2032,9240,885,Single Family Home,1948,1 Car,200 Poinsettia Ave,San Mateo,CA,94403,8,4,7,$1792000 $1485373 $1898125,$1860800 $1372500 $1961000,$1991382 $1780762 $2012979
"2,399,000",5,3.5,3320,10018,723,Single Family Home,1955,2 Cars,621 Alta Ave,San Mateo,CA,94403,9,4,5,$2437000 $1853589 $2368660,$2932200 $2138500 $3038800,$2473066 $2353106 $2659959
"1,499,000",3,3,1610,11325,931,Townhome,2013,2 Cars,2876 Saratoga Dr,San Mateo,CA,94403,8,4,7,$1523000 $1187516 $1517501,$1648500 $1064200 $1513200,$1576606 $1028254 $1565787
"2,295,000",4,3,2280,14810,"1,007",Single Family Home,1958,2 Cars,3916 Kingridge Dr,San Mateo,CA,94403,4,8,4,$2158000 $1882515 $2405623,$2228000 $1765100 $2305400,$2076600 $1676898 $2059317
"2,150,000",4,2.5,2220,14810,968,Single Family Home,1975,2 Cars,1442 Cedarwood Dr,San Mateo,CA,94403,5,4,8,$2099000 $1650327 $2108916,$2273900 $1786300 $2720900,$2094208 $1742570 $2233987
"1,877,000",3,2.5,1860,22651,"1,009",Single Family Home,1961,2 Cars,652 Newlands Ave,San Mateo,CA,94403,8,9,9,$1778000 $1390778 $1777244,$1896700 $1421600 $2020700,$1916020 $1971720 $2228839
"1,299,000",2,2.5,1540,31798,844,Townhome,2003,2 Cars,1311 Wayne Way,San Mateo,CA,94403,8,4,7,$1036000 $942821 $1204810,$1412400 $835200 $1350400,$1227976 $1092379 $1234829
"1,399,000",3,3,1350,,"1,036",Condo,2014,2 Cars,418 Chapman Ln,San Mateo,CA,94403,8,4,7,$1354000 $1097612 $1402614,,$1450785 $988546 $1384789
"675,000",2,1,1000,,675,Condo,1961,,1561 Marina Ct Unit B,San Mateo,CA,94403,5,8,4,$823000 $639492 $817193,$834300 $573400 $832700,$705173 $613145 $693102
"1,590,000",3,2.5,1800,2550,883,Single Family Home,1966,2 Cars,694 Port Dr,San Mateo,CA,94404,5,9,2,$1617000 $1280564 $1560722,$1610000 $1293300 $1704100,$1606743 $1330531 $1552459
"1,695,000",3,2.5,1690,3224,"1,003",Single Family Home,1974,2 Cars,1253 Shoal Dr,San Mateo,CA,94404,5,9,2,$1451000 $1113154 $1356687,$1692600 $1065000 $1413900,$1486394 $1144644 $1511910
"1,278,000",2,2.5,1555,83635,822,Townhome,1979,1 Car,1135 Shoreline Dr,San Mateo,CA,94404,5,9,2,$1234000 $995729 $1213572,$1367900 $966900 $1369300,$1243184 $1049720 $1181366
"1,180,000",2,2,1230,,959,Condo,1979,1 Car,816 Wharfside Rd,San Mateo,CA,94404,5,9,2,$1086000 $829113 $1010504,$1180600 $832100 $1171900,$1026091 $807014 $1025471
"1,039,000",2,2,1165,,892,Condo,1979,1 Car,914 Shoreline Dr,San Mateo,CA,94404,5,9,2,$1084000 $842601 $1026943,$1075000 $858900 $1099500,$1025693 $829922 $994192
"950,000",2,2,1070,,888,Condo,1984,1 Car,1756 Vista Del Sol,San Mateo,CA,94404,5,8,4,$931000 $722796 $880928,$1011800 $743200 $1010300,$953047 $742548 $958270
"988,000",1,1.5,1150,,859,Condo,1979,1 Car,1148 Shoreline Dr,San Mateo,CA,94404,5,9,2,$961000 $768021 $936046,$1000900 $805200 $1026500,$1009094 $741848 $910503
"409,888",2,1,1015,,404,Condo,1980,2 Cars,357 Willow Ave Unit 1,Hayward,CA,94541,4,Not rated,2,$449300 $274600 $450500,$446978 $309562 $443224,
"549,950",2,2.5,1542,963,357,Townhome,1972,2 Cars,2028 Oak Creek Pl,Hayward,CA,94541,Not rated,4,4,$585000 $398020 $538112,$637700 $453500 $622700,$618740 $413538 $570210
"699,000",4,2.5,1918,1454,364,Townhome,2010,2 Cars,1042 Old Oak Ln,Hayward,CA,94541,4,Not rated,5,$712000 $541144 $731611,$761900 $615700 $795500,$698039 $603910 $749677
"699,900",4,2.5,1515,1503,462,Single Family Home,2012,2 Cars,1111 Red Wing Dr,Hayward,CA,94541,4,Not rated,5,$772000 $507749 $686461,$709900 $538400 $742700,$717393 $548161 $725540
"625,000",2,2.5,1640,1526,381,Townhome,1979,2 Cars,1839 Sally Creek Cir,Hayward,CA,94541,Not rated,4,4,$611000 $417104 $563912,$653000 $503800 $667700,$598961 $445133 $623121
"605,000",3,2.5,1421,1896,426,Townhome,1973,1 Car,25083 Oakridge Ct,Hayward,CA,94541,Not rated,4,4,$583000 $381663 $515998,$633900 $478300 $653500,$613206 $407634 $569393
"539,000",2,1,762,4850,707,Single Family Home,1927,2 Cars,160 Medford Ave,Hayward,CA,94541,2,4,2,$541000 $362580 $490198,$561900 $334300 $496300,$579979 $368074 $533575
"650,000",3,1,1162,4980,559,Single Family Home,1952,2 Cars,22570 Thelma St,Hayward,CA,94541,5,Not rated,2,$661000 $444365 $600769,,$646700 $477605 $621409
"689,000",3,1,1041,5035,662,Single Family Home,1950,,240 Elmwood Ln,Hayward,CA,94541,4,Not rated,5,$590000 $379619 $513233,$627800 $378800 $599800,$619364 $398769 $563080
"699,900",4,2,1444,5440,485,Single Family Home,1951,2 Cars,139 Florence St,Hayward,CA,94541,4,2,3,$702000 $443002 $598926,$757200 $460500 $740300,$717478 $460234 $663213
"499,999",2,1,984,5712,508,Single Family Home,1918,,1114 Oakview Ave,Hayward,CA,94541,4,Not rated,2,$544000 $373485 $504941,$571100 $389100 $554900,$588129 $348586 $453543
"749,950",3,2,1153,5750,650,Single Family Home,1955,2 Cars,2950 Hardeman St,Hayward,CA,94541,Not rated,4,4,$728000 $495481 $669876,$743100 $519300 $677500,$766117 $526581 $664892
"759,900",3,2,1211,5814,627,Single Family Home,1956,2 Cars,1839 Trym St,Hayward,CA,94541,Not rated,4,4,$784000 $481850 $651447,$734800 $512700 $709400,$758904 $562693 $732116
"679,000",3,2,1528,5994,444,Single Family Home,1942,1 Car,21390 Western Blvd,Hayward,CA,94541,4,Not rated,2,$703000 $471627 $637626,$722300 $413300 $716100,$706178 $439198 $636204
"749,000",3,2,1410,6030,531,Single Family Home,1951,2 Cars,24139 Zorro Ct,Hayward,CA,94541,Not rated,4,4,$777000 $498207 $673561,$767600 $444800 $734600,$747545 $540277 $681423
"524,800",3,1,1272,6030,413,Single Family Home,1951,1 Car,24123 Zorro Ct,Hayward,CA,94541,Not rated,4,4,$615000 $404836 $547326,$610000 $463500 $631200,$622026 $541600 $638022
"920,000",3,2.5,1913,6186,481,Single Family Home,1983,,2921 Ralston Way,Hayward,CA,94541,Not rated,4,4,$836000 $567724 $767547,$963300 $644200 $824400,$865697 $628580 $768938
"789,000",4,3.5,1982,6671,398,Condo,2014,2 Cars,2351 Gibbons St,Hayward,CA,94541,4,5,Not rated,$752000 $550004 $743589,$822400 $652400 $839900,$792600 $691964 $790245
"999,000",6,4,1739,7200,574,Multi-Family Home,1926,2 Cars,22736 4th St,Hayward,CA,94541,4,Not rated,4,$569000 $316235 $427541,,$611913 $472819 $615182
"649,950",4,2,2500,7500,260,Single Family Home,1942,1 Car,21590 Princeton St,Hayward,CA,94541,4,Not rated,2,$618000 $453225 $612747,$739900  -  $514800,$664012 $495194 $644293
"785,000",5,3,2700,7786,291,Single Family Home,1954,2 Cars,3318 Costa Dr,Hayward,CA,94541,Not rated,4,4,$668000 $437550 $591554,$813400 $567800 $770100,$820223 $513760 $668450
"650,000",3,2,1236,9152,526,Single Family Home,1943,,22291 Victory Dr,Hayward,CA,94541,5,Not rated,2,$620000 $408925 $552855,$645200 $480300 $645500,$639906 $488022 $654293
"875,950",4,2,1928,9375,454,Single Family Home,1951,2 Cars,2007 E St,Hayward,CA,94541,Not rated,4,4,$835000 $530921 $717790,$790800 $624400 $775100,$792471 $609412 $740242
"899,950",3,3.5,2250,20908,400,Single Family Home,1953,2 Cars,2421 East Ave,Hayward,CA,94541,Not rated,4,4,$874000 $680179 $919582,$932300 $756500 $1029500,$911087 $790091 $1027983
"1,499,999",4,3.5,3989,43560,376,Single Family Home,1966,3 Cars,25524 Dario Ter,Hayward,CA,94541,Not rated,4,4,$1126000 $708804 $958281,$1502900 $1333300 $1551400,$1530781 $951896 $1238506
"799,995",4,4,1716,,466,Townhome,2017,2 Cars,22797 Filbert St,Hayward,CA,94541,4,Not rated,5,$771000 $568406 $768468,,$773903 $584273 $728331
"699,000",3,3,1651,,423,Townhome,2011,2 Cars,117 Burbank St,Hayward,CA,94541,4,Not rated,5,$683000 $509793 $689225,$725000 $554000 $767700,$698935 $566550 $725474
"635,000",2,2.5,1488,2200,427,Townhome,1983,2 Cars,3251 Guillermo Pl,Hayward,CA,94542,Not rated,4,5,$507000 $601153 $712737,,$615902 $424172 $568601
"1,299,000",4,4,3220,6751,403,Single Family Home,2013,2 Cars,72 Benmore Dr,Hayward,CA,94542,7,8,8,$1348000 $1051285 $1246420,$1461700 $1223900 $1439900,$1395058 $1084012 $1204354
"998,000",4,3,2552,8222,391,Single Family Home,1974,3 Cars,28033 High Country Dr,Hayward,CA,94542,Not rated,4,5,$899000 $691326 $819647,$999500 $703300 $963700,$964467 $793944 $911209
"1,199,888",3,2.5,2372,10018,506,Single Family Home,1967,2 Cars,3715 Oakes Dr,Hayward,CA,94542,Not rated,4,5,$1076000 $736046 $872668,$1056700 $783500 $950600,$1051608 $715448 $1060309
"1,048,000",3,2.5,1928,12632,544,Single Family Home,1972,2 Cars,3460 Pinewood Dr,Hayward,CA,94542,Not rated,4,5,$827000 $644407 $764019,$930300 $690800 $938900,$998355 $683391 $860420
"719,000",2,1.5,890,30491,808,Single Family Home,1939,2 Cars,27110 Parkside Dr,Hayward,CA,94542,Not rated,4,5,$646000 $480923 $570189,$707200 $500600 $681600,$693411 $581942 $698131
"2,299,800",4,3,3196,80150,720,Single Family Home,1978,3 Cars,26974 Halifax Pl,Hayward,CA,94542,Not rated,4,5,$2375000 $911993 $1081274,$2293200 $883600 $1040200,$2460056 $770977 $924908
"225,000",2,2,1620,,139,Mfd/Mobile Home,1980,2 Cars,29222 Whalebone Way,Hayward,CA,94544,Not rated,5,4,$214000 $145159 $195410,,
"629,999",3,2.5,1670,267022,377,Townhome,1991,1 Car,24693 Diamond Ridge Dr Unit 24693,Hayward,CA,94544,5,Not rated,3,$593000 $598000,$638200 $638200 $668200,$664127 $664127 $640953
"570,000",3,2.5,1519,2664,375,Townhome,1973,2 Cars,272 Rosewood Ct,Hayward,CA,94544,2,2,Not rated,$581000 $385961 $519571,$634500 $478800 $636700,$590207 $406961 $533521
"570,000",3,2.5,1519,2664,375,Townhome,1973,2 Cars,272 Rosewood Ct,Hayward,CA,94544,2,2,Not rated,$581000 $385961 $519571,$634500 $478800 $636700,$590207 $406961 $533521
"599,000",2,1,919,3302,652,Single Family Home,1958,1 Car,27769 E 12th St,Hayward,CA,94544,2,Not rated,2,$570000 $394100 $530529,$593300 $421200 $573300,$561449 $443508 $581244
"659,000",4,2,1407,5000,468,Single Family Home,1950,1 Car,24675 Joanne St,Hayward,CA,94544,4,2,Not rated,$619000 $423946 $570707,$684100 $485600 $698400,$691567 $499707 $655109
"815,000",3,2,1560,5000,485,Single Family Home,1956,2 Cars,543 Ellery Pl,Hayward,CA,94544,4,8,4,$731000 $473463 $637365,$741900 $528500 $735400,$722058 $540110 $680719
"649,000",3,2,1260,5000,515,Single Family Home,1956,1 Car,28041 Tampa Ave,Hayward,CA,94544,2,Not rated,4,$617000 $434799 $585317,$634800 $472700 $657500,$662516 $436114 $636389
"649,999",3,2,1000,5000,650,Single Family Home,1954,1 Car,27671 Pompano Ave,Hayward,CA,94544,2,Not rated,4,$647000 $419876 $565228,$646700 $400800 $638800,$663536 $469337 $615295
"619,000",3,2,1000,5000,619,Single Family Home,1954,1 Car,27746 Tampa Ave,Hayward,CA,94544,2,Not rated,4,$659000 $421233 $567054,$633500 $418400 $566700,$658116 $436095 $571715
"765,000",3,2,1164,5001,657,Single Family Home,1955,2 Cars,32283 Amelia Ave,Hayward,CA,94544,4,8,4,$733000 $474820 $639191,$715300 $519000 $788600,$730912 $530748 $687650
"749,000",3,2,1742,5005,430,Single Family Home,1954,2 Cars,179 Turlock Way,Hayward,CA,94544,Not rated,2,2,$710000 $490421 $660193,$766200 $577400 $791200,$749674 $529613 $718698
"799,000",4,2,1879,5035,425,Single Family Home,1952,1 Car,25973 Regal Ave,Hayward,CA,94544,2,Not rated,5,$732000 $491778 $662020,$792100 $495800 $539200,$814197 $424259 $556198
"559,000",3,1,960,5040,582,Single Family Home,1952,1 Car,24928 Joyce St,Hayward,CA,94544,4,Not rated,2,$551000 $386639 $520484,$629800 $454500 $633700,$626250 $453063 $561349
"799,888",3,2.5,1320,5300,606,Single Family Home,1955,2 Cars,548 Minerva St,Hayward,CA,94544,2,4,Not rated,$760000 $438191 $589882,$794100 $495800 $769100,$784525 $473775 $634232
"688,000",3,2,1210,5415,569,Single Family Home,1956,2 Cars,1147 Gomer St,Hayward,CA,94544,2,Not rated,5,$602000 $439547 $591709,$688100 $436400 $594800,$702328 $479074 $652038
"728,888",4,2,1450,5650,503,Single Family Home,1952,2 Cars,355 Frederic Ave,Hayward,CA,94544,4,Not rated,2,$580000 $415806 $559749,,$695300 $488735 $638127
"1,159,000",4,3,2419,6866,479,Single Family Home,1999,3 Cars,30265 Oakbrook Rd,Hayward,CA,94544,2,Not rated,3,$1163000 $843823 $1135934,$1094000 $828200 $1141700,$1135494 $852299 $1117353
"699,950",3,2.5,2021,15681,346,Single Family Home,1964,2 Cars,28375 Harvey Ave,Hayward,CA,94544,2,Not rated,4,$846000 $484995 $652888,$863700 $675400 $763300,$912261 $590897 $826113
"449,880",2,1.5,1125,43560,400,Townhome,1981,1 Car,630 Foster Ct Apt 1,Hayward,CA,94544,Not rated,2,2,$424005 $263483 $427903,,
"450,000",2,1,1040,108464,433,Condo,1990,1 Car,25595 Compton Ct Apt 102,Hayward,CA,94544,5,Not rated,3,$413000 $277430 $373470,,
"500,000",3,2.5,1200,,417,Townhome,1985,,26576 Sunvale Ct,Hayward,CA,94544,Not rated,2,2,$470000 $326269 $439216,$506800 $336400 $520900,$483974 $289652 $479175
"300,000",3,2,1650,,182,Mfd/Mobile Home,,,29341 Sandburg Way,Hayward,CA,94544,Not rated,5,4,$257000 $244719 $244719,$290000 $251700 $251700,$227045 $217810 $217810
"325,000",3,2,1602,,203,Mfd/Mobile Home,2005,,1524 Ortega Ave,Hayward,CA,94544,Not rated,5,4,$272000 $238327 $238327,$271700 $253700 $253700,
"275,000",3,2,1296,,212,Mfd/Mobile Home,,,123 Mars Ave,Hayward,CA,94544,2,4,Not rated,$209000 $188105 $188105,$214400 $223000 $223000,
"458,888",3,2,1245,,369,Condo,1979,,969 Cheryl Ann Cir Apt 36,Hayward,CA,94544,Not rated,2,5,$480200 $464000 $492000,,
"325,000",2,2,1440,,226,Mfd/Mobile Home,1981,3 Cars,29229 Harpoon Way,Hayward,CA,94544,Not rated,5,4,$332000 $208194 $208194,$343000 $228000 $228000,$340561 $326709 $326709
"395,333",2,1.5,970,,408,Condo,1986,1 Car,27903 Thornton Ct,Hayward,CA,94544,2,Not rated,4,$379000 $269969 $363426,$421900 $300300 $419700,$403566 $295660 $392914
"319,999",1,1,531,,603,Condo,1985,1 Car,29628 Desert Oak Ct Apt 33,Hayward,CA,94544,2,Not rated,3,$318000 $220452 $296767,$367700 $223700 $374600,$340045 $237914 $311903
"626,000",3,2,1220,2050,513,Townhome,1970,,27471 Ponderosa Ct,Hayward,CA,94545,Not rated,5,4,$500000 $340941 $449040,$540000 $365000 $527300,$538680 $358206 $518235
"965,000",3,2.5,2047,2522,471,Single Family Home,2016,2 Cars,2514 Admiral Cir,Hayward,CA,94545,Not rated,4,5,$989000 $676636 $891172,,$981906 $715391 $893284
"699,999",3,2,1618,5005,433,Single Family Home,1957,2 Cars,1261 Radcliff Ln,Hayward,CA,94545,5,Not rated,3,$732000 $460270 $606204,$771500 $563900 $783500,$761383 $509249 $728571
"624,750",3,2,1000,5100,625,Single Family Home,1955,1 Car,27891 Norwich Way,Hayward,CA,94545,Not rated,5,4,$617000 $396016 $521577,$607900 $359000 $631400,$621083 $411937 $616272
"739,000",3,2,1215,5500,608,Single Family Home,1957,2 Cars,2326 Bermuda Ln,Hayward,CA,94545,5,8,Not rated,$660000 $446501 $588070,$658900 $472600 $708600,$724496 $468921 $683633
"600,000",3,1,1064,5676,564,Single Family Home,1965,1 Car,1753 Finch Ct,Hayward,CA,94545,Not rated,5,4,$668000 $477317 $628656,$675300 $462500 $665300,$677258 $446671 $621183
"750,000",3,2,1224,6000,613,Single Family Home,1965,2 Cars,1882 Egret Ln,Hayward,CA,94545,Not rated,5,4,$689000 $487807 $642473,$769100 $485000 $730800,$713908 $471650 $652988
"1,399,999",5,3,3651,6012,383,Single Family Home,2003,2 Cars,2719 Spindrift Ct,Hayward,CA,94545,Not rated,4,5,$1388000 $921851 $1214135,$1562000 $903000 $1618100,$1510608 $1023718 $1432689
"699,950",3,2,1224,6500,572,Single Family Home,1963,2 Cars,2201 Catalpa Way,Hayward,CA,94545,Not rated,4,5,$707000 $432732 $569936,$734600 $507800 $718800,$732853 $531199 $631406
"1,215,000",5,3,2583,8630,470,Single Family Home,2004,2 Cars,2744 Breaker Ln,Hayward,CA,94545,Not rated,4,5,$1209000 $839894 $1106193,$1294300 $957200 $1354100,$1257655 $902283 $1194255
"500,000",2,2,1513,90604,330,Condo,1982,2 Cars,25930 Kay Ave Apt 304,Hayward,CA,94545,5,Not rated,3,$510673 $371665 $497396,$519900 $374700 $520200,
"299,000",3,2,1226,,244,Mfd/Mobile Home,1999,3 Cars,2285 Stillwell Dr,Hayward,CA,94545,Not rated,4,5,$284000 $212431 $212431,$296800 $264000 $264000,$201464 $190891 $190891
"165,000",2,2,960,,172,Mfd/Mobile Home,,2 Cars,27940 Pueblo Calle,Hayward,CA,94545,Not rated,5,4,$200000 $130475 $171844,,
"400,000",1,1,840,,476,Condo,1989,,25938 Kay Ave Apt 322,Hayward,CA,94545,5,Not rated,3,$408225 $266564 $356741,$435700 $270900 $432500,
"524,999",2,2,1056,125017,497,Condo,1980,,21062 Gary Dr Apt 213,Hayward,CA,94546,4,Not rated,2,$528576 $411419 $505305,$564300 $393100 $564600,
"675,000",2,2.5,1221,1208,553,Townhome,1984,1 Car,3857 Vine St,Pleasanton,CA,94566,8,9,6,$674000 $564492 $662659,$727300 $580000 $755100,$623820 $501928 $648825
"858,888",3,2.5,1456,1730,590,Townhome,1988,2 Cars,4141 Stanley Blvd,Pleasanton,CA,94566,8,7,9,$764000 $624856 $733521,$863000 $736300 $935100,$804211 $683374 $762262
"850,000",2,1,869,3056,978,Single Family Home,1993,,220 Kottinger Dr,Pleasanton,CA,94566,8,9,6,$770000 $637092 $747885,$896800 $613400 $894300,$768184 $712587 $794848
"949,000",3,2,1751,3486,542,Single Family Home,1983,2 Cars,4082 Rennellwood Way,Pleasanton,CA,94566,9,8,7,$879000 $734981 $862797,$958400 $847100 $1017100,$929264 $806220 $953286
"1,148,000",4,2,2498,3900,460,Multi-Family Home,1999,3 Cars,216 Spring St,Pleasanton,CA,94566,8,6,9,$866000 $676248 $793850,,$802608 $744386 $830317
"1,049,000",4,2.5,1620,4723,648,Single Family Home,1994,2 Cars,233 Trenton Cir,Pleasanton,CA,94566,8,7,9,$940000 $790451 $927914,$1059100 $860100 $1104700,$1063523 $828669 $942517
"895,000",3,2,1419,5000,631,Single Family Home,1997,2 Cars,4336 1st St,Pleasanton,CA,94566,8,6,9,$874000 $790451 $927914,$895300 $864700 $1015200,$903288 $771872 $944805
"1,645,000",6,3.5,3688,5447,446,Single Family Home,2003,3 Cars,1408 Oak Vista Way,Pleasanton,CA,94566,9,8,9,$1516000 $1326392 $1557057,$1660000 $1422000 $1743600,$1651932 $1384085 $1588135
"899,950",4,3,2294,6094,392,Single Family Home,1910,,4156 Vineyard Ave,Pleasanton,CA,94566,8,9,6,$1135000 $1050672 $1233388,$1192100 $1061400 $1208000,$1035144 $1036017 $1160686
"1,078,000",4,2,1411,6615,764,Single Family Home,1952,2 Cars,456 Amaral Cir,Pleasanton,CA,94566,8,9,6,$822000 $703167 $825451,$947500 $746100 $924400,$866371 $740099 $825535
"1,069,868",4,2,1690,6663,633,Single Family Home,1975,2 Cars,4173 Crisfield Ln,Pleasanton,CA,94566,9,8,7,$1005000 $879367 $1032292,$1071000 $868000 $1062500,$973600 $889120 $1027562
"1,199,950",4,2,1930,6700,622,Single Family Home,1971,2 Cars,2265 Camino Brazos,Pleasanton,CA,94566,9,8,8,$1152000 $917707 $1077299,$1249100 $1026000 $1266900,$1174828 $954591 $1153850
"1,275,000",4,3,2344,6736,544,Single Family Home,1965,2 Cars,1865 Rosetree Ct,Pleasanton,CA,94566,9,7,8,$1277000 $1064540 $1249667,$1379600 $1137200 $1441100,$1371667 $1143300 $1342086
"1,220,000",4,2,1882,6825,648,Single Family Home,1968,2 Cars,2478 Raven Rd,Pleasanton,CA,94566,9,8,8,$1184000 $1023753 $1201787,$1179600 $953600 $1226900,$1159360 $971609 $1083771
"1,469,000",4,2.5,2630,6981,559,Single Family Home,1968,2 Cars,1820 Paseo Del Cajon,Pleasanton,CA,94566,9,8,8,$1270000 $1132246 $1329148,$1416000 $1221500 $1451600,$1300602 $1176078 $1344486
"1,469,000",4,2.5,2630,6981,559,Single Family Home,1968,2 Cars,1820 Paseo Del Cajon,Pleasanton,CA,94566,9,8,8,$1270000 $1132246 $1329148,$1416000 $1221500 $1451600,$1300602 $1176078 $1344486
"1,588,000",5,3,3200,7127,496,Single Family Home,1989,3 Cars,2748 Calle De La Loma,Pleasanton,CA,94566,9,8,9,$1417000 $1462204 $1400968,$1606000 $1518222 $1567200,
"799,950",2,2,1439,7228,556,Single Family Home,1966,2 Cars,372 Ewing Dr,Pleasanton,CA,94566,8,9,6,$962000 $828791 $972921,$855100 $783900 $966000,$869545 $776448 $963374
"1,490,000",6,3,2724,7999,547,Single Family Home,1970,2 Cars,2093 Greenwood Rd,Pleasanton,CA,94566,9,8,8,$1436000 $1190979 $1398095,$1533600 $1234400 $1572300,$1330861 $1146292 $1335877
"1,599,000",5,3,3010,8340,531,Single Family Home,1990,3 Cars,550 Abbie St,Pleasanton,CA,94566,9,8,6,$1591000 $1494434 $1754322,$1677200 $1481700 $1629000,$1687265 $1402561 $1579456
"1,149,990",3,2,1813,8829,634,Single Family Home,1971,2 Cars,4630 Mohr Ave,Pleasanton,CA,94566,9,7,8,$1114000 $884261 $1038038,$1154500 $987500 $1221300,$1011470 $1017401 $1162729
"1,200,000",4,2,1675,9788,716,Single Family Home,1964,2 Cars,1516 Fairview Ct,Pleasanton,CA,94566,9,8,8,$1059000 $875288 $1027504,$1197600 $961300 $1212300,$1214667 $929132 $1122737
"1,599,000",4,3.5,3059,9855,523,Single Family Home,1971,2 Cars,4827 Ganner Ct,Pleasanton,CA,94566,9,8,8,$1518000 $1249713 $1467042,,$1477057 $1376321 $1537084
"2,055,000",5,4.5,3657,11761,562,Single Family Home,2002,3 Cars,218 Napier Ct,Pleasanton,CA,94566,9,8,9,$1799000 $1498513 $1759110,$2039800 $1750800 $1957400,$1597176 $1634630 $1756794
"1,765,000",4,2.5,3160,12196,559,Single Family Home,1990,3 Cars,2972 Amoroso Ct,Pleasanton,CA,94566,8,9,9,$1753000 $1455279 $1708357,$1844900 $1448800 $1761300,$1412807 $1394241 $1540804
"2,248,000",5,4.5,4183,14374,569,Single Family Home,2007,3 Cars,783 Rolling Hills Ln,Pleasanton,CA,94566,8,9,9,$2312000 $1936565 $2273341,$2270300 $2031800 $2466400,$2203828 $1846988 $1979524
"1,799,000",5,2.5,2910,27878,618,Single Family Home,1984,3 Cars,653 Abbie St,Pleasanton,CA,94566,9,8,6,$1704000 $1397361 $1640368,$1812700 $1612500 $1975300,$1810465 $1364597 $1614762
"799,000",3,2.5,1402,,570,Townhome,1981,2 Cars,5252 Dolores Dr Unit 2,Pleasanton,CA,94566,9,9,8,$841881 $647851 $722638,$698300 $569800 $745400,
"265,000",3,2,1275,,208,Mfd/Mobile Home,2007,,3263 Vineyard Ave Spc 126,Pleasanton,CA,94566,8,9,9,$482256 $415191 $463121,,
"165,000",3,2,1232,,134,Mfd/Mobile Home,1993,2 Cars,3231 Vineyard Ave Spc 20,Pleasanton,CA,94566,8,9,9,$198816 $176140 $196473,,
"547,500",2,2,856,,640,Condo,1988,1 Car,3417 Smoketree Commons Dr,Pleasanton,CA,94566,8,9,9,$529000 $428263 $502740,$550600 $446500 $570000,$504092 $402343 $497152
"399,500",1,1,600,,666,Condo,1959,,819 Division St,Pleasanton,CA,94566,6,8,9,$388000 $309165 $362930,$386800 $310400 $374700,$380412 $329423 $367451
"965,000",4,3,1928,1369,501,Townhome,1994,2 Cars,3024 Bolero Ct,Pleasanton,CA,94588,9,8,9,$820000 $706049 $836837,$990300 $768700 $1005900,$892317 $769097 $895176
"758,000",2,2.5,1501,2112,505,Townhome,1991,2 Cars,5413 Montalvo Ct,Pleasanton,CA,94588,9,9,8,$734000 $599312 $710327,$816300 $640200 $850200,$834722 $684646 $760907
"989,000",3,2.5,1482,2128,667,Single Family Home,1997,2 Cars,5144 Angelico Ct,Pleasanton,CA,94588,9,8,9,$1033000 $773255 $916491,$969600 $769400 $986500,$792120 $728825 $795711
"799,000",2,2.5,1501,2324,532,Townhome,1991,2 Cars,5507 Baldwin Way,Pleasanton,CA,94588,9,9,8,$771000 $621450 $736566,$826800 $697600 $873900,$770802 $698390 $771121
"889,000",3,2.5,1828,2394,486,Townhome,1991,2 Cars,7710 Creekside Dr,Pleasanton,CA,94588,9,9,8,$804000 $659401 $781548,$922500 $754900 $954200,$885580 $732670 $843423
"900,000",3,2.5,1329,2508,677,Single Family Home,1986,2 Cars,2132 Alexander Way,Pleasanton,CA,94588,,,,$724000 $645169 $764680,$894500 $671300 $838700,$918066 $624173 $726495
"900,000",3,2.5,1329,2508,677,Single Family Home,1986,2 Cars,2132 Alexander Way,Pleasanton,CA,94588,9,9,8,$724000 $645169 $764680,$894500 $671300 $838700,$918066 $624173 $726495
"900,000",3,2.5,1329,2508,677,Single Family Home,1986,2 Cars,2132 Alexander Way,Pleasanton,CA,94588,9,9,8,$724000 $645169 $764680,$894500 $671300 $838700,$918066 $624173 $726495
"888,000",3,2.5,1928,2660,461,Townhome,1988,2 Cars,7216 Valley View Ct,Pleasanton,CA,94588,9,9,8,$853000 $687074 $814346,$911300 $791000 $961600,$886662 $760530 $870461
"875,000",3,2.5,1630,2660,537,Townhome,1973,2 Cars,7435 Maywood Dr,Pleasanton,CA,94588,9,9,8,$810000 $646751 $766554,$876600 $744300 $896700,$792122 $687354 $767693
"799,000",3,2,1525,2660,524,Townhome,1987,2 Cars,7308 Stonedale Dr,Pleasanton,CA,94588,9,9,8,$833000 $651495 $772176,$888600 $688200 $913200,$788798 $700015 $781759
"1,175,000",4,2.5,2231,2949,527,Single Family Home,1999,2 Cars,2728 Alpina Ct,Pleasanton,CA,94588,9,8,9,$1107000 $891061 $1056120,$1253400 $1010600 $1220900,$1120791 $1021881 $1130894
"975,500",3,2.5,1365,3180,715,Single Family Home,1997,2 Cars,5203 Zaro Ct,Pleasanton,CA,94588,10-Sep,8,9,$985000 $769301 $911805,$970700 $763000 $966100,$987423 $781864 $944058
"1,100,000",3,2.5,1624,3550,677,Single Family Home,1995,2 Cars,5252 Genovesio Dr,Pleasanton,CA,94588,9,8,9,$1067000 $818322 $969906,$1108400 $885900 $1191900,$1094018 $795669 $988197
"999,000",3,2.5,1650,5012,605,Single Family Home,1996,2 Cars,8080 Canyon Creek Cir,Pleasanton,CA,94588,9,9,8,$997000 $808834 $958661,$1052300 $883400 $1012800,$1018843 $829165 $1077467
"1,480,000",4,3,3021,5754,490,Single Family Home,1991,2 Cars,7904 Kemper Ct,Pleasanton,CA,94588,9,8,9,$1376000 $1099793 $1303516,$1596700 $1307000 $1558100,$1440868 $1173209 $1365534
"930,000",3,2,1386,6000,671,Single Family Home,1971,,3443 Cumberland Gap Ct,Pleasanton,CA,94588,9,9,8,$902000 $728188 $863076,$937600 $786100 $950900,$929045 $763091 $908127
"1,200,000",4,2,2004,6650,599,Single Family Home,1969,2 Cars,7464 Flagstone Dr,Pleasanton,CA,94588,9,9,8,$1092000 $924268 $1095478,$1200300 $964800 $1198800,$1150920 $886625 $1072617
"940,000",4,2,1549,6659,607,Single Family Home,1966,2 Cars,3908 Petrified Forest Ct,Pleasanton,CA,94588,9,8,9,$917000 $749535 $888378,$992600 $807100 $1022500,$906574 $794977 $929020
"1,119,500",3,2,1710,6751,655,Single Family Home,1969,2 Cars,7657 Flagstone Dr,Pleasanton,CA,94588,9,9,8,$1128000 $898177 $1064554,$1123200 $932300 $1165700,$1071047 $866498 $1042697
"1,199,000",4,2.5,1948,6803,616,Single Family Home,1968,2 Cars,4258 Muirwood Dr,Pleasanton,CA,94588,9,9,8,$1030000 $838878 $994271,$1141600 $962600 $1192600,$1036104 $885705 $1036518
"1,298,000",4,2.5,2600,6963,499,Single Family Home,1968,2 Cars,4193 Churchill Dr,Pleasanton,CA,94588,9,9,8,$1171000 $943244 $1117969,$1353600 $935400 $1204500,$1181410 $963303 $1177160
"2,295,000",6,4,4758,15245,482,Single Family Home,1997,3 Cars,3741 Newton Way,Pleasanton,CA,94588,9,8,9,$2218000 $1781332 $2111303,$2331200 $2080000 $2339900,$1966997 $1892264 $2186491
"2,079,000",4,3,3303,21780,629,Single Family Home,1989,3 Cars,1844 Martin Ave,Pleasanton,CA,94588,9,8,9,$1752000 $1377310 $1632441,,$2077621 $1543453 $1701871
"1,699,000",4,3.5,3318,46173,512,Single Family Home,1979,2 Cars,9044 Longview Dr,Pleasanton,CA,94588,9,8,9,$1804000 $1412099 $1673674,$1898600 $1822700 $1821000,$1894785 $1726033 $1890737
"4,000,000",4,5,4708,91040,850,Single Family Home,1999,13 Cars,1562 Foothill Rd,Pleasanton,CA,94588,9,8,9,$2301000 $1905464 $2258429,$2581500 $2233000 $2634700,$2239421 $2044394 $2329129
"589,000",3,2,1401,2130,420,Single Family Home,1910,,1631 37th Ave,Oakland,CA,94601,4,4,,$661000 $389122 $586071,$732400 $399700 $676900,$697908 $492505 $644564
"599,000",2,1,968,4370,619,Single Family Home,1922,1 Car,3912 Nevil St,Oakland,CA,94601,2,3,,$645000 $410882 $618845,$547100 $403900 $646600,$632534 $432029 $559046
"649,000",2,2,1025,4640,633,Single Family Home,1903,,2633 34th Ave,Oakland,CA,94601,3,6,2,$536000 $321281 $483894,$646000 $368400 $534800,$631874 $398866 $540064
"799,000",3,1,1507,5200,530,Single Family Home,1920,1 Car,5209 Cole St,Oakland,CA,94601,2,3,2,$908000 $467842 $704635,$810100 $508200 $868400,$815746 $628195 $850576
"895,000",3,2,1649,5805,543,Single Family Home,1950,1 Car,2421 Monticello Ave,Oakland,CA,94601,2,3,2,$940000 $534402 $804884,$895000 $576000 $869400,$913758 $640515 $867257
"668,888",3,2.5,3570,,,Single Family Home,1907,2 Cars,1951 36th Ave,Oakland,CA,94601,,,,$360000 $301790 $324845,$351100   $386200,$636719 $354442 $381825
"649,000",2,1,1020,2400,636,Single Family Home,1926,1 Car,2622 Madeline St,Oakland,CA,94602,3,5,2,$938000 $698069 $914634,$681800 $573100 $730000,$716969 $517891 $633049
"899,000",3,1,1460,4400,616,Single Family Home,1920,1 Car,1122 El Centro Ave,Oakland,CA,94602,3,6,9,$1175000 $813168 $1065441,$1197900 $874000 $1167000,$1106810 $792476 $1096461
"989,000",3,1.5,1767,4738,560,Single Family Home,1915,1 Car,1908 E 38th St,Oakland,CA,94602,,,,$901000 $689848 $903862,$1120500 $904000 $1097100,$852032 $827011 $1010904
"1,095,000",4,3,2244,5185,488,Single Family Home,1965,2 Cars,3206 Guido St,Oakland,CA,94602,3,2,5,$1392000 $958163 $1255418,$1359800 $967900 $1267200,$1292317 $968764 $1127325
"749,000",2,1,880,5214,851,Single Family Home,1915,,2452 Potomac St,Oakland,CA,94602,3,2,5,$806000 $679384 $890152,$754300 $608600 $735600,$806118 $590031 $721229
"1,149,000",3,2.5,1830,5537,628,Single Family Home,1937,2 Cars,1908 Oak Crest Dr,Oakland,CA,94602,3,4,7,$1477000 $1096432 $1436582,$1163100 $1089700 $1429000,$1172118 $939684 $1148631
"1,149,000",3,2.5,1830,5537,628,Single Family Home,1937,2 Cars,1908 Oak Crest Dr,Oakland,CA,94602,3,4,7,$1477000 $1096432 $1436582,$1163100 $1089700 $1429000,$1172118 $939684 $1148631
"550,000",4,2,3604,2713,153,Multi-Family Home,1966,,993 91st Ave,Oakland,CA,94603,5,2,1,$554000 $285579 $465065,$643900 $306800 $544500,$619888 $347004 $539438
"440,000",2,1,780,4150,564,Single Family Home,1943,2 Cars,823 105th Ave,Oakland,CA,94603,4,4,,$422000 $245103 $399150,$463200 $232900 $472600,$470752 $283756 $396441
"469,000",2,1,792,5500,592,Single Family Home,1940,2 Cars,983 106th Ave,Oakland,CA,94603,3,4,,$447000 $302419 $385418,$456300 - $456900,$448796 $361270 $418965
"650,000",3,2,1347,2810,483,Single Family Home,1927,2 Cars,5501 Walnut St,Oakland,CA,94605,,7,,$664000 $428339 $636578,$735200 $461900 $655900,$662993 $448561 $601138
"538,000",2,1,1056,2962,509,Single Family Home,1925,1 Car,2644 Havenscourt Blvd,Oakland,CA,94605,7,2,2,$518000 $291687 $433492,$495300 $315200 $455400,$532176 $371498 $497862
"775,000",4,2.5,1667,3080,465,Single Family Home,1930,,2855 Parker Ave,Oakland,CA,94605,3,,3,$779000 $489005 $726737,$818200 $386400 $573600,$790492 $549910 $736961
"579,900",3,2,1264,3920,459,Single Family Home,1948,,2820 Oliver Ave,Oakland,CA,94605,,6,,$604000 $357255 $530937,$607700 $465000 $584100,$610463 $434198 $581890
"599,000",2,1,967,4104,619,Single Family Home,1926,2 Cars,6056 Majestic Ave,Oakland,CA,94605,2,7,3,$591000 $359706 $534580,$602000 $502100 $713300,$610973 $471997 $632546
"649,000",2,1,848,4360,765,Single Family Home,1924,1 Car,5706 Brookdale Ave,Oakland,CA,94605,7,2,,$574000 $344387 $511812,$612900 $427600 $618000,$631561 $395339 $529813
"725,000",6,6,2808,4400,258,Multi-Family Home,2004,4 Cars,7864 Bancroft Ave,Oakland,CA,94605,3,3,2,$735000 $457140 $679381,$721200 $461500 $663900,$663995 $489760 $656351
"988,000",4,2.5,2257,5050,438,Single Family Home,2008,2 Cars,6336 Buena Ventura Ave,Oakland,CA,94605,2,7,3,$1019000 $620141 $921627,$906300 $669500 $1001900,$992720 $765886 $1026401
"679,000",3,2,1207,5282,563,Single Family Home,1920,1 Car,3440 68th Ave,Oakland,CA,94605,7,3,3,$590000 $321101 $477206,$672700 $469700 $521000,$692573 $383926 $514518
"949,000",4,2,1896,5610,501,Single Family Home,1950,1 Car,3921 Fairway Ave,Oakland,CA,94605,Not rated,2,3,$858000 $590727 $877913,$951200 $674200 $896400,$967970 $663772 $847587
"849,000",3,2,1596,7849,532,Single Family Home,1940,,112 Marlow Dr,Oakland,CA,94605,5,4,6,$799000 $501873 $745862,$951200 $612300 $906800,$873606 $580251 $777622
"699,000",4,3,3232,8129,216,Single Family Home,1979,2 Cars,4340 Sequoyah Rd,Oakland,CA,94605,2,,,$1109000 $684484 $1017250,$1033400 $793300 $1160200,$1022574 $926179 $1056599
"799,000",3,3,2352,8639,340,Single Family Home,1983,2 Cars,7720 Sunkist Dr,Oakland,CA,94605,,,,$888000 $675292 $1003590,$928800 $763700 $837700,$935621 $627302 $840678
"1,099,999",4,2.5,2254,13939,512,Single Family Home,1974,2 Cars,4752 Sequoyah Rd,Oakland,CA,94605,6,,,$1092000 $500035 $743130,$1095000 $837100 $1043300,$1121988 $781300 $1047058
"599,000",3,1,1128,3072,531,Single Family Home,1918,,2569 Wallace St,Oakland,CA,94606,3,4,4,$668000 $433814 $658331,$703400 $525900 $670700,$706245 $515086 $611440
"799,000",3,2,2035,5320,393,Single Family Home,1923,,1931 E 27th St,Oakland,CA,94606,3,4,1,$828000 $456170 $692256,$786000 $416100 $773300,$816039 $601283 $715433
"599,950",3,2,1740,4921,345,Single Family Home,1974,,1427 Magnolia St,Oakland,CA,94607,Not rated,2,Not rated,$886000 $905047 $965864,$845700 - $877200,$877587 $920801 $866165
"665,000",2,2.5,1054,8190,631,Condo,2011,2 Cars,1786 12th St,Alameda,CA,94607,2,Not rated,4,$571000 $470274 $616733,$646700 $512800 $609400,$668729 $528488 $639262
"679,000",2,2.5,1054,,644,Condo,2008,2 Cars,1225 Wood St,Oakland,CA,94607,2,Not rated,4,$680000 $479050 $628243,$721000 $564200 $700500,$628376 $526969 $620972
"859,000",7,2,1674,2133,513,Multi-Family Home,1895,,947 56th St,Oakland,CA,94608,2,3,5,$1122000 $722261 $976006,$756300 $520000 $735400,$1026823 $766060 $943446
"1,588,000",4,3,2204,2870,721,Single Family Home,1912,,1003 61st St,Oakland,CA,94608,5,2,,$897000 $624131 $843402,$1070500 $689000 $760800,$1144156 $605493 $745699
"879,000",2,1.5,1165,3700,755,Single Family Home,1913,,1029 Arlington Ave,Oakland,CA,94608,,,,$954000 $675361 $912629,$1027700 $580300 $1021800,$1021230 $720682 $887561
"719,000",2,1,954,4000,754,Single Family Home,1910,,837 52nd St,Oakland,CA,94608,2,3,5,$903000 $580839 $784900,$852400 $592600 $752700,$857416 $623128 $767418
"1,395,000",4,3,1806,4160,772,Single Family Home,1912,,831 Arlington Ave,Oakland,CA,94608,2,3,5,$1441000 $583004 $787825,$1459900 $634300 $1410200,$1325737 $1144647 $1409697
"1,050,000",3,2,1396,5400,752,Single Family Home,1913,2 Cars,835 56th St,Oakland,CA,94608,2,3,5,$996000 $676082 $913604,$1188100 $634300 $1166100,$1099127 $937201 $1154216
"599,000",1,1,640,1760,936,Single Family Home,1910,,780 58th St,Oakland,CA,94609,2,5,2,$658000 $490789 $636640,$753000 $512900 $624000,$692637 $567438 $675162
"1,595,000",4,2.5,2187,3710,729,Single Family Home,1906,1 Car,446 65th St,Oakland,CA,94609,2,6,8,$1547000 $1415530 $1836194,$1797600 $1468800 $1680300,$1704932 $1322889 $1574030
"1,398,000",3,2.5,1648,3800,848,Single Family Home,1912,1 Car,422 61st St,Oakland,CA,94609,2,6,8,$1450000 $1158231 $1502431,$1829400 $1474700 $1703300,$1372504 $1330257 $1582797
"659,000",4,1.5,2340,4219,282,Single Family Home,1914,,5425 Shattuck Ave,Oakland,CA,94609,3,2,2,$1348000 $1183577 $1535309,$1310200 $747300 $1264800,$984834 $809864 $963611
"1,049,000",3,3,2445,4400,429,Single Family Home,1910,1 Car,5310 Dover St,Oakland,CA,94609,3,2,5,$1316000 $972361 $1261325,$1214400 $877500 $1229100,$1411819 $1145763 $1363278
"1,050,000",3,1.5,1595,3825,658,Single Family Home,1922,1 Car,1387 Barrows Rd,Oakland,CA,94610,3,6,9,$1202000 $957223 $1254665,$1323800 $1012900 $1327300,$1307627 $978577 $1256335
"995,000",3,3,2344,4000,424,Single Family Home,1916,1 Car,612 Valle Vista Ave,Oakland,CA,94610,2,2,7,$1301000 $983588 $1289223,$1508900 $1149800 $1399500,$1687839 $1192810 $1437004
"1,175,000",3,1.5,1401,4230,839,Single Family Home,1925,,1407 Trestle Glen Rd,Oakland,CA,94610,3,6,9,$1184000 $949166 $1244105,$1180500 $1097800 $1356500,$1325753 $967471 $1280306
"1,295,000",3,1,1675,6076,773,Single Family Home,1926,1 Car,854 Northvale Rd,Oakland,CA,94610,9,6,3,$1344000 $976997 $1280584,$1427700 $1168700 $1489300,$1404323 $1121140 $1350662
"1,795,000",5,3,3167,6240,567,Single Family Home,1930,2 Cars,689 Carlston Ave,Oakland,CA,94610,6,3,9,$1932000 $1384933 $1815280,$1793600 $1490300 $1728000,$2093838 $1604075 $1932464
"1,789,000",5,3.5,2927,7524,611,Single Family Home,1954,2 Cars,1293 Sunnyhills Rd,Oakland,CA,94610,3,6,9,$2372000 $1767969 $2317338,$2490600 $1770300 $2451000,$2241298 $1626135 $1959041
"1,275,000",2,1,1137,2812,"1,121",Single Family Home,1925,1 Car,15 Entrada Ave,Oakland,CA,94611,2,7,2,$1144000 $796692 $959708,$1356700 $961700 $1372900,$1224891 $1086875 $1225285
"1,295,000",3,2,1843,3076,703,Multi-Family Home,1924,1 Car,675 Fairmount Ave,Oakland,CA,94611,2,7,2,$1102000 $1085966 $1308173,$1354300 $831900 $1430700,$1440457 $1165514 $1313938
"1,298,000",4,3.5,2440,5372,532,Single Family Home,2017,2 Cars,5917 Balboa Dr,Oakland,CA,94611,3,4,8,$1046000 $972169 $1007312,$1422300 $1452400 $1175800,$1676822 $1171216 $1132862
"895,000",3,1.5,1857,5500,482,Single Family Home,1922,2 Cars,3333 Kempton Ave,Oakland,CA,94611,2,Not rated,2,$1014000 $643360 $775002,$1195800 $917400 $824400,$849193 $694638 $783098
"1,795,000",5,4.5,4100,6290,438,Single Family Home,1994,3 Cars,14040 Broadway Ter,Oakland,CA,94611,7,9,8,$1758000 $1527782 $1840392,$2035900 $1807200 $1946300,$1708641 $1571469 $1771590
"1,195,000",3,2,1709,6510,699,Single Family Home,1938,2 Cars,2015 Drake Dr,Oakland,CA,94611,3,4,8,$1254000 $902601 $1087288,$1337400 $1016400 $1258200,$1335521 $1075450 $1282509
"895,000",2,1,1264,7000,708,Single Family Home,1965,2 Cars,6827 Moore Dr,Oakland,CA,94611,4,4,8,$882000 $769819 $927337,$972900 $806700 $919000,$996177 $731726 $811063
"1,450,000",4,3.5,3720,7116,390,Single Family Home,1988,2 Cars,6865 Oakwood Dr,Oakland,CA,94611,7,4,8,$1730000 $1298576 $1564285,$1606400 $1324800 $1533500,$1576716 $1319929 $1491885
"955,000",3,2,1672,8905,571,Single Family Home,1955,2 Cars,7074 Sayre Dr,Oakland,CA,94611,3,4,8,$1026000 $835420 $1006360,$1159800 $903700 $1120500,$1019225 $828523 $1015687
"1,179,000",3,2.5,1857,1739,635,Townhome,1994,2 Cars,51 Starview Dr,Oakland,CA,94618,7,9,8,$1180000 $909469 $1128042,$1269400 $984300 $1259500,$1180978 $1041729 $1078291
"1,050,000",3,2.5,2132,2015,492,Townhome,1996,2 Cars,4 Windward Hl,Oakland,CA,94618,7,9,8,$1183000 $882835 $1095007,$1397100 $1044900 $1368500,$1166033 $1156466 $1275181
"1,195,000",3,2,1468,3380,814,Single Family Home,1938,2 Cars,6025 Monroe Ave,Oakland,CA,94618,7,8,6,$1362000 $1030888 $1278642,$1489800 $1126400 $1466600,$1287004 $1140373 $1310583
"2,498,000",4,3.5,3367,5100,742,Single Family Home,1997,2 Cars,6152 Ocean View Dr,Oakland,CA,94618,7,9,8,$2592000 $2163611 $2683593,$2434800 $2065500 $2393700,$2155204 $1795793 $2168005
"1,389,000",3,3,2318,6400,599,Single Family Home,1959,2 Cars,316 Modoc Ave,Oakland,CA,94618,9,7,,$1645000 $1293310 $1604132,$1689600 $1235700 $1646000,$1729783 $1279798 $1470820
"639,000",2,1,896,3400,713,Single Family Home,1941,1 Car,3620 Wisconsin St,Oakland,CA,94619,Not rated,2,3,$725000 $553481 $753684,$719100 $495300 $642700,$586110 $466890 $593797
"899,000",6,4,1955,4133,460,Single Family Home,1924,1 Car,3117 Minna Ave,Oakland,CA,94619,3,3,2,$700000 $508183 $692002,$684000 $434600 $544000,$760871 $436569 $555235
"650,000",3,1,1441,4545,451,Single Family Home,1924,1 Car,3115 Rawson St,Oakland,CA,94619,,,,$851000 $528001 $718988,$782100 $587700 $734400,$770693 $465443 $591957
"890,000",3,1.5,1862,5551,478,Single Family Home,1952,2 Cars,4310 Mountain Blvd,Oakland,CA,94619,Not rated,Not rated,5,$879000 $784923 $1068844,$933400 $729100 $950300,$908980 $789217 $1010694
"998,000",3,3,2292,10454,435,Single Family Home,1956,2 Cars,123 Kimberlin Heights Dr,Oakland,CA,94619,4,Not rated,3,$1362000 $908784 $1237507,$1341800 $841300 $1276700,$1272902 $1001092 $1273203
"549,000",2,1,1116,3640,492,Single Family Home,1930,1 Car,1552 77th Ave,Oakland,CA,94621,3,Not rated,2,$465000 $264201 $442799,$485500 $253600 $401200,$434659 $404859 $481719
"459,000",4,2.5,1200,3725,383,Single Family Home,1911,,1321 64th Ave,Oakland,CA,94621,3,3,,$444000 $391617 $465671,$357600 - $405200,$368234 $389443 $399643
"379,000",2,1,852,4000,445,Single Family Home,1924,1 Car,1227 61st Ave,Oakland,CA,94621,3,3,,$370000 $242366 $406204,$391000 $221500 $449300,$398317 $356150 $423763
"528,000",4,2,1436,5000,368,Single Family Home,1925,1 Car,1963 82nd Ave,Oakland,CA,94621,3,3,2,$507000 $274572 $460182,$511100 -  $412300,$525553 $343763 $409024
"1,295,000",4,4.5,2606,5400,497,Single Family Home,2002,2 Cars,6960 Norfolk Rd,Berkeley,CA,94705,7,9,8,$1319000 $1134323 $1422104,$1497100 $1300800 $1543000,$1459902 $1114398 $1325958
"949,000",2,1.5,1165,611,815,Townhome,1984,2 Cars,850 Bellomy St Apt 12,Santa Clara,CA,95050,6,7,5,$703000 $629420 $784430,$774100 $504800 $769400,$770849 $533425 $657460
"1,195,000",3,2.5,1636,856,730,Townhome,1981,2 Cars,2110 Rancho McCormick Blvd,Santa Clara,CA,95050,6,5,4,$1135000 $878798 $1095223,$1186100 $851400 $1196500,$1111190 $834582 $1028644
"1,057,000",3,2.5,1424,911,742,Townhome,1997,2 Cars,1690 Civic Center Dr Apt 601,Santa Clara,CA,95050,6,5,4,$1006000 $830197 $1034653,$1049400   $966000,$1078904 $762782 $940147
"1,199,000",2,2,1700,1312,705,Townhome,1981,2 Cars,554 Los Olivos Dr,Santa Clara,CA,95050,5,6,7,$1150000 $940943 $1172673,$1172700 $878100 $1023300,$998175 $793840 $978427
"1,199,000",3,2.5,1855,2079,646,Townhome,1981,2 Cars,173 Saratoga Ave,Santa Clara,CA,95050,8,5,5,$1261000 $977593 $1218349,$1218300 $1002100 $1226400,$1060564 $880345 $1085047
"1,299,000",3,2.5,2088,2313,622,Townhome,1979,2 Cars,2451 Golf Links Cir,Santa Clara,CA,95050,5,6,7,$1241000 $1001495 $1248137,$1300100 $808100 $1342800,$1301887 $990714 $1221080
"1,325,000",3,2,1825,3648,726,Condo,1979,2 Cars,2494 Golf Links Cir,Santa Clara,CA,95050,5,6,7,$1307000 $1042128 $1298778,$1310000 $1028100 $1342200,$1327032 $970290 $1195907
"1,625,000",4,2.5,2500,3757,650,Single Family Home,1999,2 Cars,1453 Franklin St,Santa Clara,CA,95050,6,6,5,$1705000 $1405439 $1751562,$1661600 $1350000 $1654000,$1673666 $1015670 $1251839
"1,399,000",4,3,1522,5000,919,Single Family Home,1947,2 Cars,1119 Reed St,Santa Clara,CA,95050,6,5,4,$1032000 $836571 $1042597,$1418500 $730000 $1265100,$1383059 $970567 $1196248
"1,239,000",3,2,1362,5670,910,Single Family Home,1950,1 Car,731 Enright Ave,Santa Clara,CA,95050,6,5,6,$1267000 $998308 $1244165,$1238200 $900500 $1313300,$1211537 $894561 $1102569
"1,049,000",2,1,1184,5830,886,Single Family Home,1950,1 Car,742 Enright Ave,Santa Clara,CA,95050,6,5,6,$1107000 $905090 $1127990,$1047100 $841100 $1216400,$1134880 $776477 $957027
"1,249,950",3,2.5,1342,5848,931,Single Family Home,1946,2 Cars,1840 Catherine St,Santa Clara,CA,95050,6,5,6,$1078000 $851709 $1061463,$1237100 $889600 $1246000,$1241919 $932956 $1149892
"1,750,000",4,2,1909,5940,917,Single Family Home,1950,2 Cars,2326 Warburton Ave,Santa Clara,CA,95050,5,6,4,$1690000 $1360822 $1695957,$1726600 $750300 $1730800,$1722467 $1219316 $1502837
"1,099,000",2,2,985,6019,"1,116",Single Family Home,1954,1 Car,2090 Main St,Santa Clara,CA,95050,6,5,4,$878000 $697143 $868831,$1018500 $724300 $1057700,$1045991 $757143 $933197
"1,048,000",3,2,1053,6127,995,Single Family Home,1954,1 Car,2346 Castro Pl,Santa Clara,CA,95050,5,6,4,$919000 $806295 $1004865,$1130700 $781500 $1083300,$1176594 $825988 $1055654
"1,300,000",3,2,1512,6389,860,Single Family Home,1920,,1161 Monroe St,Santa Clara,CA,95050,6,7,5,$1157000 $827807 $1031674,$1322400 $778400 $1132700,$1326941 $830681 $1023835
"999,950",2,1,1077,6431,928,Single Family Home,1881,,1270 Washington St,Santa Clara,CA,95050,6,7,5,$846000 $694752 $865852,$894400 $670700 $886900,$920385 $627375 $773255
"970,000",2,1,990,6434,980,Single Family Home,1947,2 Cars,546 Saratoga Ave,Santa Clara,CA,95050,6,5,6,$1194000 $984764 $1227285,$994500 $766400 $1128400,$1090790 $758534 $934913
"1,049,000",3,1,1027,6449,"1,021",Single Family Home,1889,2 Cars,1309 Alviso St,Santa Clara,CA,95050,6,7,5,$859000 $803108 $1000893,$975900 $669800 $1056000,$1120468 $732811 $903208
"1,290,000",3,1.5,1330,6531,970,Single Family Home,1954,2 Cars,2368 Benton St,Santa Clara,CA,95050,5,6,6,$1234000 $1058860 $1319629,$1460100 $855500 $1515900,$1507030 $937538 $1353021
"1,688,888",4,3,2251,6541,750,Single Family Home,1954,2 Cars,335 Pineview Dr,Santa Clara,CA,95050,6,5,7,$1444000 $1211036 $1509283,$1770600 $1119700 $1587900,$1813337 $1142187 $1655289
"1,399,999",5,,2248,6617,623,Multi-Family Home,1953,,1657 Santa Clara St,Santa Clara,CA,95050,6,6,5,$1086000 $1156061 $1440769,,
"1,449,800",4,2,1854,7135,782,Single Family Home,1956,2 Cars,758 Los Olivos Dr,Santa Clara,CA,95050,5,6,6,$1562000 $1110648 $1384171,$1582500 $1080100 $1471000,$1491782 $1042708 $1509959
"1,069,900",3,1,1021,7260,"1,048",Single Family Home,1951,2 Cars,1651 Cunningham St,Santa Clara,CA,95050,5,6,4,$999000 $832587 $1037632,$1162500 $807500 $1146700,$1236846 $971155 $1196973
"1,699,948",4,2,1810,7386,939,Single Family Home,1954,2 Cars,1142 Maryann Dr,Santa Clara,CA,95050,5,6,6,$927000 $770442 $960182,$1627100 $879700 $962100,$1667131 $780049 $961431
"718,000",3,1,1324,7700,618,Single Family Home,1905,,1765 Market St,Santa Clara,CA,95050,6,6,5,$1134000 $878001 $1094230,$1124000 $795900 $1233000,$1060810 $798832 $984581
"1,475,000",3,1.5,1685,10018,875,Single Family Home,1950,2 Cars,1835 Woodland Ave,Santa Clara,CA,95050,6,5,7,$1417000 $1166419 $1453678,$1637500 $983400 $1435500,$1361488 $1010993 $1246074
"850,000",2,1.5,1267,,671,Condo,2016,1 Car,2815 Newhall St,Santa Clara,CA,95050,6,5,7,$777000 $669257 $834077,,$840548 $613781 $848433
"495,000",1,1,653,,758,Condo,1972,1 Car,1700 Civic Center Dr Apt 513,Santa Clara,CA,95050,6,5,4,$491000 $390400 $486545,$505800 $350800 $535300,$511008 $406569 $501106
"499,000",1,1,624,,800,Condo,2007,,2380 Homestead Rd Unit 3103,Santa Clara,CA,95050,5,6,6,$639000 $468480 $583854,$617200 $457900 $548700,$443410 $326090 $401914
"1,050,000",4,2.5,1476,654,711,Townhome,1963,,3435 Benton St,Santa Clara,CA,95051,6,6,4,$1121000 $752843 $969168,$1108600 $649800 $1177700,$1045398 $965010 $1121622
"819,000",2,1,947,969,865,Condo,1963,,1120 Pomeroy Ave,Santa Clara,CA,95051,6,6,4,$745000 $548746 $706425,$741200 $515800 $846900,$649080 $500116 $642511
"874,999",2,2.5,893,1201,980,Townhome,1996,,801 Woodhams Oaks Pl,Santa Clara,CA,95051,9,6,6,$910000 $569679 $733373,$853900 $543700 $831000,$848345 $709461 $824600
"1,499,888",3,3.5,1820,1579,824,Townhome,2015,2 Cars,2940 Via Torino,Santa Clara,CA,95051,9,6,6,$1429000 $1152067 $1483107,,$1525900 $1246670 $1448993
"949,999",3,3,1197,1608,794,Single Family Home,1971,2 Cars,2420 S Park Ln,Santa Clara,CA,95051,7,6,6,$905000 $707239 $910460,$944800 $689300 $890000,$969301 $746244 $867352
"1,150,000",2,2,954,1933,"1,205",Townhome,1971,2 Cars,2939 McKinley Dr,Santa Clara,CA,95051,7,9,8,$1092000 $604069 $777645,$1104200 $724200 $944000,$1171523 $617741 $717995
"1,499,000",4,3.5,1993,2047,752,Single Family Home,2009,2 Cars,1555 Farmer Pl,Santa Clara,CA,95051,6,6,4,$1588000 $1173747 $1511017,$1541200 $1048100 $1576800,$1529458 $1225312 $1424169
"1,448,000",4,4,1998,2244,725,Single Family Home,2009,2 Cars,3585 Druffel Pl,Santa Clara,CA,95051,6,6,4,$1590000 $1175243 $1512942,$1459200 $1213100 $1596800,$1477421 $1225926 $1424883
"1,125,000",3,2.5,1630,2573,690,Townhome,1974,2 Cars,2911 Salem Dr,Santa Clara,CA,95051,5,6,7,$1041000 $796204 $1024989,$1116300 $809700 $1195100,$1136700 $991979 $1152969
"1,124,888",3,2.5,1630,2573,690,Townhome,1974,2 Cars,2980 Salem Dr,Santa Clara,CA,95051,5,6,7,$1117000 $812652 $1046163,$1262300 $758600 $1291600,$1080009 $968119 $1125236
"679,000",2,1.5,954,2613,712,Condo,1964,,831 Pomeroy Ave Unit 3,Santa Clara,CA,95051,7,6,6,$609000 $662483 $600557,$669600 $362760 $643000,$650443 $703917 $612717
"1,748,000",4,2.5,1931,3743,905,Single Family Home,2015,2 Cars,925 Peppertree Ln,Santa Clara,CA,95051,9,6,6,$1731000 $1258975 $1620735,,$1750688 $1378093 $1718053
"1,798,000",3,2,1683,5315,"1,068",Single Family Home,1954,1 Car,3070 Adams Way,Santa Clara,CA,95051,7,9,8,$1636000 $1266451 $1630359,$1779800 $1209000 $1589300,$1427737 $1305636 $1417046
"1,198,000",3,2,1474,5743,813,Single Family Home,1964,2 Cars,2090 Del Monte Ave,Santa Clara,CA,95051,6,7,7,$1542000 $1114686 $1434985,$1460200 $976200 $1342500,$1494402 $1214889 $1412054
"1,850,000",4,2,1777,5916,"1,041",Single Family Home,1954,2 Cars,1734 Pomeroy Ave,Santa Clara,CA,95051,6,7,7,$1731000 $1279160 $1646720,$1668700 $1026800 $1601400,$1569800 $1208570 $1404709
"1,798,000",3,3,1826,6000,985,Single Family Home,1957,2 Cars,3292 Geneva Dr,Santa Clara,CA,95051,7,9,8,$1890000 $1282898 $1651532,$1903900 $1179500 $1894400,$1897239 $1356035 $1657369
"1,895,000",3,2,1420,6000,"1,335",Single Family Home,1956,2 Cars,3511 Tracy Dr,Santa Clara,CA,95051,7,9,8,$1645000 $1277665 $1644795,$1675600 $1212600 $1728000,$1634763 $1376016 $1681074
"1,298,000",3,2,1166,6236,"1,113",Single Family Home,1955,2 Cars,961 Las Palmas Dr,Santa Clara,CA,95051,9,6,6,$1230000 $902365 $1161655,$1336600 $863400 $1217900,$1302029 $1001062 $1163526
"1,648,000",3,2,1147,6310,"1,437",Single Family Home,1956,2 Cars,3762 Carlysle Ave,Santa Clara,CA,95051,7,6,9,$1634000 $1349436 $1737189,$1725000 $1173000 $1731900,$1860737 $1187392 $1469139
"1,650,000",4,2,1418,6465,"1,164",Single Family Home,1961,2 Cars,662 Briarcliff Ct,Santa Clara,CA,95051,5,6,7,$1603000 $1081044 $1391676,$1640200 $1169200 $1630700,$1576380 $1162661 $1351350
"1,749,000",4,2,1700,6555,"1,029",Single Family Home,1963,2 Cars,3271 Catalina Ave,Santa Clara,CA,95051,4,6,6,$1667000 $1183466 $1523529,$1653100 $1117900 $1335300,$1665829 $1353925 $1573654
"999,000",3,1,897,6629,"1,114",Single Family Home,1955,1 Car,3279 Agate Dr,Santa Clara,CA,95051,6,6,7,$949000 $711725 $916235,$989400 $772900 $903700,$1019298 $895594 $1040941
"1,549,000",6,3,2265,6709,,Single Family Home,1963,2 Cars,965 Pomeroy Ave,Santa Clara,CA,95051,4,6,6,$1707000 $1261218 $1623622,$1750600 $1235800 $1779100,$1686459 $1336596 $1677733
"1,688,000",3,2,1388,6709,"1,216",Single Family Home,1963,2 Cars,3887 Kensington Ave,Santa Clara,CA,95051,7,6,9,$1770000 $1369621 $1763174,$1821000 $1390500 $1804200,$1841678 $1475102 $1714497
"1,898,888",6,3,2072,6769,916,Single Family Home,1961,2 Cars,3836 Dunford Way,Santa Clara,CA,95051,7,6,9,$1957000 $1446625 $1862305,$1940000 $1525100 $1878100,$1794230 $1413778 $1705030
"1,378,000",3,1.5,1500,6838,919,Single Family Home,1958,2 Cars,3485 Pruneridge Ave,Santa Clara,CA,95051,5,6,7,$1763000 $1329250 $1711203,$1596400 $1032900 $1572900,$1620302 $1260406 $1464958
"1,695,000",3,2,1321,7467,"1,283",Single Family Home,1956,2 Cars,230 Calvert Ct,Santa Clara,CA,95051,7,9,8,$1609000 $1299346 $1672706,$1758800 $1310800 $1622700,$1831472 $1256700 $1460650
"2,198,000",5,3,2539,8050,866,Single Family Home,1976,2 Cars,2682 Estella Dr,Santa Clara,CA,95051,7,9,8,$2088000 $1744174 $2245353,$2175100 $1586100 $2049800,$2242661 $1674049 $1945732
"1,850,000",5,,1776,8406,"1,042",Multi-Family Home,1973,3 Cars,3772/3774 Poinciana Dr,Santa Clara,CA,95051,6,7,7,$1542000 $1238789 $1594749,$1356600 $1020600 $1327800,$1556137 $1113986 $1294776
"1,998,888",5,3,2229,9360,897,Single Family Home,1960,2 Cars,467 Bancroft St,Santa Clara,CA,95051,5,6,7,$1816000 $1353174 $1742001,$1974300 $1587500 $1914900,$2039503 $1617240 $1762347
"1,150,000",3,2,1325,,868,Condo,1963,,3309 Benton St,Santa Clara,CA,95051,6,6,4,$943000 $675839 $870038,$980800 $684100 $1078500,$965883 $788828 $916847
"799,950",2,2,1041,,768,Condo,1986,2 Cars,1903 Miraplaza Ct Apt 16,Santa Clara,CA,95051,7,6,7,$786000 $589117 $758396,$775400 $566500 $825200,$850641 $592074 $778230
"886,000",2,2,1006,,881,Condo,2016,1 Car,2585 El Camino Real Apt 202,Santa Clara,CA,95051,7,6,5,$826000 $703301 $856564,$884100 $630000 $862100,$867546 $631395 $773212
"495,000",1,1,680,,728,Condo,1971,,3033 Kaiser Dr Unit H,Santa Clara,CA,95051,9,6,6,$409000 $285587 $367649,$485700 $389600 $493900,$441886 $408930 $475296
"388,000",1,1,622,,624,Condo,1971,,980 Kiely Blvd Unit 225,Santa Clara,CA,95051,9,6,6,$421000 $313249 $403259,$408200 $358300 $456800,$403512 $391984 $455599
"1,149,000",3,2.5,1726,948,666,Townhome,2005,,4465 Lafayette St,Santa Clara,CA,95054,,6,6,$1207000 $909707 $1152332,$1167500 $1005000 $1345700,$1173504 $1008386 $1267025
"699,800",2,1.5,1108,978,632,Townhome,1978,,4942 Calle De Escuela,Santa Clara,CA,95054,5,6,4,$790000 $578111 $732297,$747300 $567700 $796900,$708007 $559843 $668661
"1,398,000",3,2.5,1894,1245,738,Townhome,2003,2 Cars,4382 Headen Way,Santa Clara,CA,95054,,6,6,$1340000 $1006422 $1274842,$1395600 $1145200 $1445200,$1399011 $1058362 $1347628
"1,299,800",3,2.5,1700,1299,765,Townhome,2005,2 Cars,4519 Laird Cir,Santa Clara,CA,95054,,6,6,$1300000 $897345 $1136673,$1368400 $1104100 $1362200,$1261369 $1018427 $1253300
"949,000",4,2.5,1800,2121,527,Townhome,1973,2 Cars,2388 Shoreside Ct,Santa Clara,CA,95054,5,6,4,$1047000 $816627 $1034428,$1040700 $830800 $1082500,$1140810 $880852 $1216504
"1,488,000",3,2.5,1667,2516,893,Single Family Home,1998,2 Cars,4621 Cheeney St,Santa Clara,CA,95054,5,6,4,$1237000 $930795 $1179045,$1408200 $1016000 $1419900,$1414173 $1001639 $1242513
"1,899,000",4,2.5,2331,3392,815,Single Family Home,2004,2 Cars,947 Garrity Way,Santa Clara,CA,95054,,6,6,$1919000 $1370741 $1736328,$1931000 $1510600 $1833000,$1748025 $1252452 $1495895
"1,318,000",4,2,1527,7407,863,Single Family Home,1960,2 Cars,1481 Nelson Ct,Santa Clara,CA,95054,6,5,4,$943000 $675554 $855729,$1141900 $827900 $1060000,$1283979 $935356 $1117164
"1,995,000",10,,4388,8589,455,Multi-Family Home,1963,,1040 Clyde Ave,Santa Clara,CA,95054,6,5,4,$2007000 $1441278 $1825677,,$2076536 $1675495 $2001166
"899,800",3,2,1361,,661,Condo,2006,2 Cars,1883 Agnew Rd Unit 436,Santa Clara,CA,95054,,6,6,$936000 $704641 $892574,$1005600 $818600 $975900,$990432 $795099 $971724
"728,888",2,2,1092,,667,Condo,1982,2 Cars,2200 Agnew Rd Apt 223,Santa Clara,CA,95054,5,6,4,$751000 $541752 $686241,$732600 $586500 $755000,$744432 $630072 $777995
"799,000",2,2,1070,,747,Condo,2006,2 Cars,1883 Agnew Rd Unit 252,Santa Clara,CA,95054,,6,6,$704000 $504665 $639263,$805300 $637300 $744100,$816039 $646045 $805049
"759,759",1,1,900,,844,Condo,2005,1 Car,3901 Lick Mill Blvd Apt 215,Santa Clara,CA,95054,6,5,4,$743000 $551932 $699137,$770900 $575200 $788900,$774161 $581105 $784917
"498,888",1,1,816,,611,Condo,1982,1 Car,2200 Agnew Rd Apt 106,Santa Clara,CA,95054,5,6,4,$522000 $415222 $525964,$506500 $418700 $632700,$505886 $493572
"1,149,000",3,2.5,1310,6415,877,Single Family Home,1959,2 Cars,1424 Maryann Dr,Santa Clara,CA,95050,5,6,6,$1150000 $956878 $1192532,$1334400 $940800 $1318500,$1232369 $948136 $1168601
"1,598,889",3,2,1654,5680,967,Single Family Home,1957,2 Cars,2495 Ramke Pl,Santa Clara,CA,95050,5,6,7,$1518000 $1215817 $1515240,$1420800 $1041500 $1446700,$1444148 $1078990 $1381447
"1,250,000",3,3.5,1853,1742,675,Townhome,2009,2 Cars,1670 Avina Cir Unit 1,Santa Clara,CA,95054,6,6,,$1222000 $923523 $1169833,$1272200 $1031100 $1287200,$1270770 $926004 $1105994
"1,099,000",2,1,1040,5250,"1,057",Single Family Home,1920,1 Car,1411 Jackson St,Santa Clara,CA,95050,6,7,5,$945000 $782393 $975076,$1120500 $633100 $1073300,$1216869 $844164 $1040454
"998,000",2,1,908,5246,"1,099",Single Family Home,1925,,630 Park Ct,Santa Clara,CA,95050,6,7,5,$989000 $701126 $873795,$1072400 $779000 $1071700,$1123029 $718788 $1007594
"1,598,889",3,2,1654,5680,967,Single Family Home,1957,2 Cars,2495 Ramke Pl,Santa Clara,CA,95050,5,6,7,$1518000 $1215817 $1515240,$1420800 $1041500 $1446700,$1444148 $1078990 $1381447
"1,250,000",3,3.5,1548,730,807,Townhome,2010,,1797 Hillebrant Pl,Santa Clara,CA,95050,6,5,4,$1189000 $921822 $1148842,$1369800 $894600 $1352100,$1323251 $890766 $1172638
"649,000",1,1,931,,697,Condo,1985,1 Car,880 N Winchester Blvd Apt 204,Santa Clara,CA,95050,6,6,5,$598000 $527438 $657332,$723500 $441800 $719700,$731575 $636366 $784337$1698000
"1,698,000",4,3,1920,6178,884,Single Family Home,1961,2 Cars,648 Cambridge Dr,Santa Clara,CA,95051,5,6,7,$1638000 $1040673 $1339705,$1748600 $1217800 $1720700,$1708648 $1309058 $1521506
"1,198,000",3,2,1474,5743,813,Single Family Home,1964,2 Cars,2090 Del Monte Ave,Santa Clara,CA,95051,6,7,7,$1542000 $1114686 $1434985,$1460200 $976200 $1342500,$1494402 $1214889 $1412054
"1,290,000",3,1.5,1330,6531,970,Single Family Home,1954,2 Cars,2368 Benton St,Santa Clara,CA,95050,5,6,6,$1234000 $1058860 $1319629,$1460100 $855500 $1515900,$1507030 $937538 $1353021